region,province,municipality,gadm_province,gadm_municipality
ARMM,BASILAN,AKBAR,Basilan,Akbar
ARMM,BASILAN,AL-BARKA,Basilan,Al-Barka
ARMM,BASILAN,HADJI MOHAMMAD AJUL,Basilan,Hadji Mohammad Ajul
ARMM,BASILAN,HADJI MUHTAMAD,Basilan,HADJI MUHTAMAD
ARMM,BASILAN,ISABELA CITY,Basilan,Isabela City
ARMM,BASILAN,LAMITAN CITY,Basilan,Lamitan City
ARMM,BASILAN,LANTAWAN,Basilan,Lantawan
ARMM,BASILAN,MALUSO,Basilan,Maluso
ARMM,BASILAN,SUMISIP,Basilan,Sumisip
ARMM,BASILAN,TABUAN-LASA,Basilan,TABUAN-LASA
ARMM,BASILAN,TIPO-TIPO,Basilan,Tipo-Tipo
ARMM,BASILAN,TUBURAN,Basilan,Tuburan
ARMM,BASILAN,UNGKAYA PUKAN,Basilan,Ungkaya Pukan
ARMM,LANAO DEL SUR,BACOLOD-KALAWI (BACOLOD GRANDE),Lanao del Sur,Bacolod Kalawi
ARMM,LANAO DEL SUR,BALABAGAN,Lanao del Sur,Balabagan
ARMM,LANAO DEL SUR,BALINDONG (WATU),Lanao del Sur,Balindong
ARMM,LANAO DEL SUR,BAYANG,Lanao del Sur,Bayang
ARMM,LANAO DEL SUR,BINIDAYAN,Lanao del Sur,Binidayan
ARMM,LANAO DEL SUR,BUADIPOSO-BUNTONG,Lanao del Sur,Buadiposo-Buntong
ARMM,LANAO DEL SUR,BUBONG,Lanao del Sur,Bubong
ARMM,LANAO DEL SUR,BUMBARAN,Lanao del Sur,Bumbaran
ARMM,LANAO DEL SUR,BUTIG,Lanao del Sur,Butig
ARMM,LANAO DEL SUR,CALANOGAS,Lanao del Sur,Calanogas
ARMM,LANAO DEL SUR,DITSAAN-RAMAIN,Lanao del Sur,Ditsaan-Ramain
ARMM,LANAO DEL SUR,GANASSI,Lanao del Sur,Ganassi
ARMM,LANAO DEL SUR,KAPAI,Lanao del Sur,Kapai
ARMM,LANAO DEL SUR,KAPATAGAN,Lanao del Sur,Kapatagan
ARMM,LANAO DEL SUR,LUMBA-BAYABAO (MAGUING),Lanao del Sur,Lumba-Bayabao
ARMM,LANAO DEL SUR,LUMBACA-UNAYAN,Lanao del Sur,Lumbaca Unayan
ARMM,LANAO DEL SUR,LUMBATAN,Lanao del Sur,Lumbatan
ARMM,LANAO DEL SUR,LUMBAYANAGUE,Lanao del Sur,Lumbayanague
ARMM,LANAO DEL SUR,MADALUM,Lanao del Sur,Madalum
ARMM,LANAO DEL SUR,MADAMBA,Lanao del Sur,Madamba
ARMM,LANAO DEL SUR,MAGUING,Lanao del Sur,Maguing
ARMM,LANAO DEL SUR,MALABANG,Lanao del Sur,Malabang
ARMM,LANAO DEL SUR,MARANTAO,Lanao del Sur,Marantao
ARMM,LANAO DEL SUR,MARAWI CITY,Lanao del Sur,Marawi City
ARMM,LANAO DEL SUR,MAROGONG,Lanao del Sur,Marogong
ARMM,LANAO DEL SUR,MASIU,Lanao del Sur,Masiu
ARMM,LANAO DEL SUR,MULONDO,Lanao del Sur,Mulondo
ARMM,LANAO DEL SUR,PAGAYAWAN (TATARIKAN),Lanao del Sur,Pagayawan
ARMM,LANAO DEL SUR,PIAGAPO,Lanao del Sur,Piagapo
ARMM,LANAO DEL SUR,PICONG (SULTAN GUMANDER),Lanao del Sur,Picong
ARMM,LANAO DEL SUR,POONA BAYABAO  (GATA),Lanao del Sur,Poona Bayabao
ARMM,LANAO DEL SUR,PUALAS,Lanao del Sur,Pualas
ARMM,LANAO DEL SUR,SAGUIARAN,Lanao del Sur,Saguiaran
ARMM,LANAO DEL SUR,SULTAN DUMALONDONG,Lanao del Sur,Sultan Dumalondong
ARMM,LANAO DEL SUR,TAGOLOAN,Lanao del Sur,Tagoloan II
ARMM,LANAO DEL SUR,TAMPARAN,Lanao del Sur,Tamparan
ARMM,LANAO DEL SUR,TARAKA,Lanao del Sur,Taraka
ARMM,LANAO DEL SUR,TUBARAN,Lanao del Sur,Tubaran
ARMM,LANAO DEL SUR,TUGAYA,Lanao del Sur,Tugaya
ARMM,LANAO DEL SUR,WAO,Lanao del Sur,Wao
ARMM,MAGUINDANAO,AMPATUAN,Maguindanao,Ampatuan
ARMM,MAGUINDANAO,BARIRA,Maguindanao,Barira
ARMM,MAGUINDANAO,BULDON,Maguindanao,Buldon
ARMM,MAGUINDANAO,BULUAN,Maguindanao,Buluan
ARMM,MAGUINDANAO,COTABATO CITY,Maguindanao,Cotabato City
ARMM,MAGUINDANAO,DATU ABDULLAH SANGKI,Maguindanao,Datu Abdullah Sanki
ARMM,MAGUINDANAO,DATU ANGGAL MIDTIMBANG,Maguindanao,Datu Anggal Midtimbang
ARMM,MAGUINDANAO,DATU BLAH T. SINSUAT,Maguindanao,Datu Blah T. Sinsuat
ARMM,MAGUINDANAO,DATU HOFFER AMPATUAN,Maguindanao,DATU HOFFER AMPATUAN
ARMM,MAGUINDANAO,DATU ODIN SINSUAT (DINAIG),Maguindanao,Datu Odin Sinsuat
ARMM,MAGUINDANAO,DATU PAGLAS,Maguindanao,Datu Paglas
ARMM,MAGUINDANAO,DATU PIANG,Maguindanao,Datu Piang
ARMM,MAGUINDANAO,DATU SALIBO,Maguindanao,DATU SALIBO
ARMM,MAGUINDANAO,DATU SAUDI AMPATUAN,Maguindanao,Datu Saudi-Ampatuan
ARMM,MAGUINDANAO,DATU UNSAY,Maguindanao,Datu Unsay
ARMM,MAGUINDANAO,GEN. S. K. PENDATUN,Maguindanao,Gen. S. K. Pendatun
ARMM,MAGUINDANAO,GUINDULUNGAN,Maguindanao,Guindulungan
ARMM,MAGUINDANAO,KABUNTALAN (TUMBAO),Maguindanao,Kabuntalan
ARMM,MAGUINDANAO,MAMASAPANO,Maguindanao,Mamasapano
ARMM,MAGUINDANAO,MANGUDADATU,Maguindanao,Mangudadatu
ARMM,MAGUINDANAO,MATANOG,Maguindanao,Matanog
ARMM,MAGUINDANAO,NORTHERN KABUNTALAN,Maguindanao,Northern Kabuntalan
ARMM,MAGUINDANAO,PAGAGAWAN,Maguindanao,Pagagawan
ARMM,MAGUINDANAO,PAGALUNGAN,Maguindanao,Pagalungan
ARMM,MAGUINDANAO,PAGLAT,Maguindanao,Paglat
ARMM,MAGUINDANAO,PANDAG,Maguindanao,Pandag
ARMM,MAGUINDANAO,PARANG,Maguindanao,Parang
ARMM,MAGUINDANAO,RAJAH BUAYAN,Maguindanao,Rajah Buayan
ARMM,MAGUINDANAO,SHARIFF AGUAK (MAGANOY),Maguindanao,SHARIFF AGUAK (MAGANOY)
ARMM,MAGUINDANAO,SHARIFF SAYDONA MUSTAPHA,Maguindanao,SHARIFF SAYDONA MUSTAPHA
ARMM,MAGUINDANAO,SOUTH UPI,Maguindanao,South Upi
ARMM,MAGUINDANAO,SULTAN KUDARAT (NULING),Maguindanao,Sultan Kudarat
ARMM,MAGUINDANAO,SULTAN MASTURA,Maguindanao,Sultan Mastura
ARMM,MAGUINDANAO,SULTAN SA BARONGIS (LAMBAYONG),Maguindanao,Sultan Sa Barongis
ARMM,MAGUINDANAO,TALAYAN,Maguindanao,Talayan
ARMM,MAGUINDANAO,TALITAY,Maguindanao,Talitay
ARMM,MAGUINDANAO,UPI,Maguindanao,Upi
ARMM,SULU,HADJI PANGLIMA TAHIL (MARUNGGAS),Sulu,Hadji Panglima Tahil
ARMM,SULU,INDANAN,Sulu,Indanan
ARMM,SULU,JOLO,Sulu,Jolo
ARMM,SULU,KALINGALAN CALUANG,Sulu,Kalingalan Caluang
ARMM,SULU,LUGUS,Sulu,Lugus
ARMM,SULU,LUUK,Sulu,Luuk
ARMM,SULU,MAIMBUNG,Sulu,Maimbung
ARMM,SULU,OLD PANAMAO,Sulu,Old Panamao
ARMM,SULU,OMAR,Sulu,OMAR
ARMM,SULU,PANDAMI,Sulu,Pandami
ARMM,SULU,PANGLIMA ESTINO (NEW PANAMAO),Sulu,Panglima Estino
ARMM,SULU,PANGUTARAN,Sulu,Pangutaran
ARMM,SULU,PARANG,Sulu,Parang
ARMM,SULU,PATA,Sulu,Pata
ARMM,SULU,PATIKUL,Sulu,Patikul
ARMM,SULU,SIASI,Sulu,Siasi
ARMM,SULU,TALIPAO,Sulu,Talipao
ARMM,SULU,TAPUL,Sulu,Tapul
ARMM,SULU,TONGKIL,Sulu,Tongkil
ARMM,TAWI-TAWI,BONGAO,Tawi-Tawi,Bongao
ARMM,TAWI-TAWI,LANGUYAN,Tawi-Tawi,Languyan
ARMM,TAWI-TAWI,MAPUN (CAGAYAN DE TAWI-TAWI),Tawi-Tawi,Mapun
ARMM,TAWI-TAWI,PANGLIMA SUGALA (BALIMBING),Tawi-Tawi,Panglima Sugala
ARMM,TAWI-TAWI,SAPA-SAPA,Tawi-Tawi,Sapa-Sapa
ARMM,TAWI-TAWI,SIBUTU,Tawi-Tawi,Sibutu
ARMM,TAWI-TAWI,SIMUNUL,Tawi-Tawi,Simunul
ARMM,TAWI-TAWI,SITANGKAI,Tawi-Tawi,Sitangkai
ARMM,TAWI-TAWI,SOUTH UBIAN,Tawi-Tawi,South Ubian
ARMM,TAWI-TAWI,TANDUBAS,Tawi-Tawi,Tandubas
ARMM,TAWI-TAWI,TURTLE ISLANDS,Tawi-Tawi,Turtle Islands
CAR,ABRA,BANGUED,Abra,Bangued
CAR,ABRA,BOLINEY,Abra,Boliney
CAR,ABRA,BUCAY,Abra,Bucay
CAR,ABRA,BUCLOC,Abra,Bucloc
CAR,ABRA,DAGUIOMAN,Abra,Daguioman
CAR,ABRA,DANGLAS,Abra,Danglas
CAR,ABRA,DOLORES,Abra,Dolores
CAR,ABRA,LA PAZ,Abra,La Paz
CAR,ABRA,LACUB,Abra,Lacub
CAR,ABRA,LAGANGILANG,Abra,Lagangilang
CAR,ABRA,LAGAYAN,Abra,Lagayan
CAR,ABRA,LANGIDEN,Abra,Langiden
CAR,ABRA,LICUAN-BAAY (LICUAN),Abra,Licuan-Baay
CAR,ABRA,LUBA,Abra,Luba
CAR,ABRA,MALIBCONG,Abra,Malibcong
CAR,ABRA,MANABO,Abra,Manabo
CAR,ABRA,PEÑARRUBIA,Abra,Peñarrubia
CAR,ABRA,PIDIGAN,Abra,Pidigan
CAR,ABRA,PILAR,Abra,Pilar
CAR,ABRA,SALLAPADAN,Abra,Sallapadan
CAR,ABRA,SAN ISIDRO,Abra,San Isidro
CAR,ABRA,SAN JUAN,Abra,San Juan
CAR,ABRA,SAN QUINTIN,Abra,San Quintin
CAR,ABRA,TAYUM,Abra,Tayum
CAR,ABRA,TINEG,Abra,Tineg
CAR,ABRA,TUBO,Abra,Tubo
CAR,ABRA,VILLAVICIOSA,Abra,Villaviciosa
CAR,APAYAO,CALANASAN (BAYAG),Apayao,Calanasan
CAR,APAYAO,CONNER,Apayao,Conner
CAR,APAYAO,FLORA,Apayao,Flora
CAR,APAYAO,KABUGAO,Apayao,Kabugao
CAR,APAYAO,LUNA,Apayao,Luna
CAR,APAYAO,PUDTOL,Apayao,Pudtol
CAR,APAYAO,SANTA MARCELA,Apayao,Santa Marcela
CAR,BENGUET,ATOK,Benguet,Atok
CAR,BENGUET,BAGUIO CITY,Benguet,Baguio City
CAR,BENGUET,BAKUN,Benguet,Bakun
CAR,BENGUET,BOKOD,Benguet,Bokod
CAR,BENGUET,BUGUIAS,Benguet,Buguias
CAR,BENGUET,ITOGON,Benguet,Itogon
CAR,BENGUET,KABAYAN,Benguet,Kabayan
CAR,BENGUET,KAPANGAN,Benguet,Kapangan
CAR,BENGUET,KIBUNGAN,Benguet,Kibungan
CAR,BENGUET,LA TRINIDAD,Benguet,La Trinidad
CAR,BENGUET,MANKAYAN,Benguet,Mankayan
CAR,BENGUET,SABLAN,Benguet,Sablan
CAR,BENGUET,TUBA,Benguet,Tuba
CAR,BENGUET,TUBLAY,Benguet,Tublay
CAR,IFUGAO,AGUINALDO,Ifugao,Aguinaldo
CAR,IFUGAO,ALFONSO LISTA (POTIA),Ifugao,Alfonso Lista
CAR,IFUGAO,ASIPULO,Ifugao,Asipulo
CAR,IFUGAO,BANAUE,Ifugao,Banaue
CAR,IFUGAO,HINGYON,Ifugao,Hingyon
CAR,IFUGAO,HUNGDUAN,Ifugao,Hungduan
CAR,IFUGAO,KIANGAN,Ifugao,Kiangan
CAR,IFUGAO,LAGAWE,Ifugao,Lagawe
CAR,IFUGAO,LAMUT,Ifugao,Lamut
CAR,IFUGAO,MAYOYAO,Ifugao,Mayoyao
CAR,IFUGAO,TINOC,Ifugao,Tinoc
CAR,KALINGA,BALBALAN,Kalinga,Balbalan
CAR,KALINGA,LUBUAGAN,Kalinga,Lubuagan
CAR,KALINGA,PASIL,Kalinga,Pasil
CAR,KALINGA,PINUKPUK,Kalinga,Pinukpuk
CAR,KALINGA,RIZAL (LIWAN),Kalinga,Rizal
CAR,KALINGA,TABUK CITY,Kalinga,Tabuk City
CAR,KALINGA,TANUDAN,Kalinga,Tanudan
CAR,KALINGA,TINGLAYAN,Kalinga,Tinglayan
CAR,MOUNTAIN PROVINCE,BARLIG,Mountain Province,Barlig
CAR,MOUNTAIN PROVINCE,BAUKO,Mountain Province,Bauko
CAR,MOUNTAIN PROVINCE,BESAO,Mountain Province,Besao
CAR,MOUNTAIN PROVINCE,BONTOC,Mountain Province,Bontoc
CAR,MOUNTAIN PROVINCE,NATONIN,Mountain Province,Natonin
CAR,MOUNTAIN PROVINCE,PARACELIS,Mountain Province,Paracelis
CAR,MOUNTAIN PROVINCE,SABANGAN,Mountain Province,Sabangan
CAR,MOUNTAIN PROVINCE,SADANGA,Mountain Province,Sadanga
CAR,MOUNTAIN PROVINCE,SAGADA,Mountain Province,Sagada
CAR,MOUNTAIN PROVINCE,TADIAN,Mountain Province,Tadian
NCR,NATIONAL CAPITAL REGION - FOURTH DISTRICT,CITY OF LAS PIÑAS,Metropolitan Manila,Las Piñas
NCR,NATIONAL CAPITAL REGION - FOURTH DISTRICT,CITY OF MAKATI,Metropolitan Manila,Makati City
NCR,NATIONAL CAPITAL REGION - FOURTH DISTRICT,CITY OF MUNTINLUPA,Metropolitan Manila,Muntinlupa
NCR,NATIONAL CAPITAL REGION - FOURTH DISTRICT,CITY OF PARAÑAQUE,Metropolitan Manila,Parañaque
NCR,NATIONAL CAPITAL REGION - FOURTH DISTRICT,PASAY CITY,Metropolitan Manila,Pasay City
NCR,NATIONAL CAPITAL REGION - MANILA,BINONDO,Metropolitan Manila,Manila
NCR,NATIONAL CAPITAL REGION - MANILA,ERMITA,Metropolitan Manila,Manila
NCR,NATIONAL CAPITAL REGION - MANILA,INTRAMUROS,Metropolitan Manila,Manila
NCR,NATIONAL CAPITAL REGION - MANILA,MALATE,Metropolitan Manila,Manila
NCR,NATIONAL CAPITAL REGION - MANILA,PACO,Metropolitan Manila,Manila
NCR,NATIONAL CAPITAL REGION - MANILA,PANDACAN,Metropolitan Manila,Manila
NCR,NATIONAL CAPITAL REGION - MANILA,PORT AREA,Metropolitan Manila,Manila
NCR,NATIONAL CAPITAL REGION - MANILA,QUIAPO,Metropolitan Manila,Manila
NCR,NATIONAL CAPITAL REGION - MANILA,SAMPALOC,Metropolitan Manila,Manila
NCR,NATIONAL CAPITAL REGION - MANILA,SAN MIGUEL,Metropolitan Manila,Manila
NCR,NATIONAL CAPITAL REGION - MANILA,SAN NICOLAS,Metropolitan Manila,Manila
NCR,NATIONAL CAPITAL REGION - MANILA,SANTA ANA,Metropolitan Manila,Manila
NCR,NATIONAL CAPITAL REGION - MANILA,SANTA CRUZ,Metropolitan Manila,Manila
NCR,NATIONAL CAPITAL REGION - MANILA,TONDO,Metropolitan Manila,Manila
NCR,NATIONAL CAPITAL REGION - SECOND DISTRICT,CITY OF MANDALUYONG,Metropolitan Manila,Mandaluyong
NCR,NATIONAL CAPITAL REGION - SECOND DISTRICT,CITY OF MARIKINA,Metropolitan Manila,Marikina
NCR,NATIONAL CAPITAL REGION - SECOND DISTRICT,CITY OF PASIG,Metropolitan Manila,Pasig City
NCR,NATIONAL CAPITAL REGION - SECOND DISTRICT,QUEZON CITY,Metropolitan Manila,Quezon City
NCR,NATIONAL CAPITAL REGION - SECOND DISTRICT,SAN JUAN CITY,Metropolitan Manila,San Juan
NCR,NATIONAL CAPITAL REGION - THIRD DISTRICT,CALOOCAN CITY,Metropolitan Manila,Kalookan City
NCR,NATIONAL CAPITAL REGION - THIRD DISTRICT,CITY OF VALENZUELA,Metropolitan Manila,Valenzuela
NCR,NATIONAL CAPITAL REGION - THIRD DISTRICT,MALABON CITY,Metropolitan Manila,Malabon
NCR,NATIONAL CAPITAL REGION - THIRD DISTRICT,NAVOTAS CITY,Metropolitan Manila,Navotas
NCR,TAGUIG - PATEROS,PATEROS,Metropolitan Manila,Pateros
NCR,TAGUIG - PATEROS,TAGUIG,Metropolitan Manila,Taguig
NIR,NEGROS OCCIDENTAL,BACOLOD CITY,Negros Occidental,Bacolod City
NIR,NEGROS OCCIDENTAL,BAGO CITY,Negros Occidental,Bago City
NIR,NEGROS OCCIDENTAL,BINALBAGAN,Negros Occidental,Binalbagan
NIR,NEGROS OCCIDENTAL,CADIZ CITY,Negros Occidental,Cadiz City
NIR,NEGROS OCCIDENTAL,CALATRAVA,Negros Occidental,Calatrava
NIR,NEGROS OCCIDENTAL,CANDONI,Negros Occidental,Candoni
NIR,NEGROS OCCIDENTAL,CAUAYAN,Negros Occidental,Cauayan
NIR,NEGROS OCCIDENTAL,ENRIQUE B. MAGALONA (SARAVIA),Negros Occidental,Enrique B. Magalona
NIR,NEGROS OCCIDENTAL,ESCALANTE CITY,Negros Occidental,Escalante City
NIR,NEGROS OCCIDENTAL,HIMAMAYLAN CITY,Negros Occidental,Himamaylan City
NIR,NEGROS OCCIDENTAL,HINIGARAN,Negros Occidental,Hinigaran
NIR,NEGROS OCCIDENTAL,HINOBA-AN (ASIA),Negros Occidental,Hinoba-An
NIR,NEGROS OCCIDENTAL,ILOG,Negros Occidental,Ilog
NIR,NEGROS OCCIDENTAL,ISABELA,Negros Occidental,Isabela
NIR,NEGROS OCCIDENTAL,KABANKALAN CITY,Negros Occidental,Kabankalan City
NIR,NEGROS OCCIDENTAL,LA CARLOTA CITY,Negros Occidental,La Carlota City
NIR,NEGROS OCCIDENTAL,LA CASTELLANA,Negros Occidental,La Castellana
NIR,NEGROS OCCIDENTAL,MANAPLA,Negros Occidental,Manapla
NIR,NEGROS OCCIDENTAL,MOISES PADILLA (MAGALLON),Negros Occidental,Moises Padilla
NIR,NEGROS OCCIDENTAL,MURCIA,Negros Occidental,Murcia
NIR,NEGROS OCCIDENTAL,PONTEVEDRA,Negros Occidental,Pontevedra
NIR,NEGROS OCCIDENTAL,PULUPANDAN,Negros Occidental,Pulupandan
NIR,NEGROS OCCIDENTAL,SAGAY CITY,Negros Occidental,Sagay City
NIR,NEGROS OCCIDENTAL,SALVADOR BENEDICTO,Negros Occidental,Salvador Benedicto
NIR,NEGROS OCCIDENTAL,SAN CARLOS CITY,Negros Occidental,San Carlos City
NIR,NEGROS OCCIDENTAL,SAN ENRIQUE,Negros Occidental,San Enrique
NIR,NEGROS OCCIDENTAL,SILAY CITY,Negros Occidental,Silay City
NIR,NEGROS OCCIDENTAL,SIPALAY CITY,Negros Occidental,Sipalay City
NIR,NEGROS OCCIDENTAL,TALISAY CITY,Negros Occidental,Talisay City
NIR,NEGROS OCCIDENTAL,TOBOSO,Negros Occidental,Toboso
NIR,NEGROS OCCIDENTAL,VALLADOLID,Negros Occidental,Valladolid
NIR,NEGROS OCCIDENTAL,VICTORIAS CITY,Negros Occidental,Victorias City
NIR,NEGROS ORIENTAL,AMLAN (AYUQUITAN),Negros Oriental,Amlan
NIR,NEGROS ORIENTAL,AYUNGON,Negros Oriental,Ayungon
NIR,NEGROS ORIENTAL,BACONG,Negros Oriental,Bacong
NIR,NEGROS ORIENTAL,BAIS CITY,Negros Oriental,Bais City
NIR,NEGROS ORIENTAL,BASAY,Negros Oriental,Basay
NIR,NEGROS ORIENTAL,BAYAWAN CITY (TULONG),Negros Oriental,Bayawan City
NIR,NEGROS ORIENTAL,BINDOY (PAYABON),Negros Oriental,Bindoy
NIR,NEGROS ORIENTAL,CANLAON CITY,Negros Oriental,Canlaon City
NIR,NEGROS ORIENTAL,DAUIN,Negros Oriental,Dauin
NIR,NEGROS ORIENTAL,DUMAGUETE CITY,Negros Oriental,Dumaguete City
NIR,NEGROS ORIENTAL,GUIHULNGAN CITY,Negros Oriental,Guihulngan City
NIR,NEGROS ORIENTAL,JIMALALUD,Negros Oriental,Jimalalud
NIR,NEGROS ORIENTAL,LA LIBERTAD,Negros Oriental,La Libertad
NIR,NEGROS ORIENTAL,MABINAY,Negros Oriental,Mabinay
NIR,NEGROS ORIENTAL,MANJUYOD,Negros Oriental,Manjuyod
NIR,NEGROS ORIENTAL,PAMPLONA,Negros Oriental,Pamplona
NIR,NEGROS ORIENTAL,SAN JOSE,Negros Oriental,San Jose
NIR,NEGROS ORIENTAL,SANTA CATALINA,Negros Oriental,Santa Catalina
NIR,NEGROS ORIENTAL,SIATON,Negros Oriental,Siaton
NIR,NEGROS ORIENTAL,SIBULAN,Negros Oriental,Sibulan
NIR,NEGROS ORIENTAL,TANJAY CITY,Negros Oriental,Tanjay City
NIR,NEGROS ORIENTAL,TAYASAN,Negros Oriental,Tayasan
NIR,NEGROS ORIENTAL,VALENCIA (LUZURRIAGA),Negros Oriental,Valencia
NIR,NEGROS ORIENTAL,VALLEHERMOSO,Negros Oriental,Vallehermoso
NIR,NEGROS ORIENTAL,ZAMBOANGUITA,Negros Oriental,Zamboanguita
OAV,ASIA,JAPAN,ASIA,JAPAN
OAV,ASIA,MALAYSIA,ASIA,MALAYSIA
OAV,ASIA,PEOPLES REPUBLIC OF CHINA,ASIA,PEOPLES REPUBLIC OF CHINA
OAV,ASIA,REPUBLIC OF KOREA,ASIA,REPUBLIC OF KOREA
OAV,ASIA,REPUBLIC OF SINGAPORE,ASIA,REPUBLIC OF SINGAPORE
OAV,EUROPE,ITALY,EUROPE,ITALY
OAV,EUROPE,SPAIN,EUROPE,SPAIN
OAV,EUROPE,UNITED KINGDOM OF GREAT BRITAIN,EUROPE,UNITED KINGDOM OF GREAT BRITAIN
OAV,MIDDLE EAST AND AFRICAS,KINGDOM OF BAHRAIN,MIDDLE EAST AND AFRICAS,KINGDOM OF BAHRAIN
OAV,MIDDLE EAST AND AFRICAS,KINGDOM OF SAUDI ARABIA,MIDDLE EAST AND AFRICAS,KINGDOM OF SAUDI ARABIA
OAV,MIDDLE EAST AND AFRICAS,REPUBLIC OF LEBANON,MIDDLE EAST AND AFRICAS,REPUBLIC OF LEBANON
OAV,MIDDLE EAST AND AFRICAS,STATE OF KUWAIT,MIDDLE EAST AND AFRICAS,STATE OF KUWAIT
OAV,MIDDLE EAST AND AFRICAS,STATE OF QATAR,MIDDLE EAST AND AFRICAS,STATE OF QATAR
OAV,MIDDLE EAST AND AFRICAS,UNITED ARAB EMIRATES,MIDDLE EAST AND AFRICAS,UNITED ARAB EMIRATES
OAV,NORTH AND LATIN AMERICA,AGANA PCG,NORTH AND LATIN AMERICA,AGANA PCG
OAV,NORTH AND LATIN AMERICA,CANADA,NORTH AND LATIN AMERICA,CANADA
OAV,NORTH AND LATIN AMERICA,WASHINGTON D.C. PE,NORTH AND LATIN AMERICA,WASHINGTON D.C. PE
REGION I,ILOCOS NORTE,ADAMS,Ilocos Norte,Adams
REGION I,ILOCOS NORTE,BACARRA,Ilocos Norte,Bacarra
REGION I,ILOCOS NORTE,BADOC,Ilocos Norte,Badoc
REGION I,ILOCOS NORTE,BANGUI,Ilocos Norte,Bangui
REGION I,ILOCOS NORTE,BANNA (ESPIRITU),Ilocos Norte,Banna
REGION I,ILOCOS NORTE,BATAC CITY,Ilocos Norte,Batac City
REGION I,ILOCOS NORTE,BURGOS,Ilocos Norte,Burgos
REGION I,ILOCOS NORTE,CARASI,Ilocos Norte,Carasi
REGION I,ILOCOS NORTE,CURRIMAO,Ilocos Norte,Currimao
REGION I,ILOCOS NORTE,DINGRAS,Ilocos Norte,Dingras
REGION I,ILOCOS NORTE,DUMALNEG,Ilocos Norte,Dumalneg
REGION I,ILOCOS NORTE,LAOAG CITY,Ilocos Norte,Laoag City
REGION I,ILOCOS NORTE,MARCOS,Ilocos Norte,Marcos
REGION I,ILOCOS NORTE,NUEVA ERA,Ilocos Norte,Nueva Era
REGION I,ILOCOS NORTE,PAGUDPUD,Ilocos Norte,Pagudpud
REGION I,ILOCOS NORTE,PAOAY,Ilocos Norte,Paoay
REGION I,ILOCOS NORTE,PASUQUIN,Ilocos Norte,Pasuquin
REGION I,ILOCOS NORTE,PIDDIG,Ilocos Norte,Piddig
REGION I,ILOCOS NORTE,PINILI,Ilocos Norte,Pinili
REGION I,ILOCOS NORTE,SAN NICOLAS,Ilocos Norte,San Nicolas
REGION I,ILOCOS NORTE,SARRAT,Ilocos Norte,Sarrat
REGION I,ILOCOS NORTE,SOLSONA,Ilocos Norte,Solsona
REGION I,ILOCOS NORTE,VINTAR,Ilocos Norte,Vintar
REGION I,ILOCOS SUR,ALILEM,Ilocos Sur,Alilem
REGION I,ILOCOS SUR,BANAYOYO,Ilocos Sur,Banayoyo
REGION I,ILOCOS SUR,BANTAY,Ilocos Sur,Bantay
REGION I,ILOCOS SUR,BURGOS,Ilocos Sur,Burgos
REGION I,ILOCOS SUR,CABUGAO,Ilocos Sur,Cabugao
REGION I,ILOCOS SUR,CANDON CITY,Ilocos Sur,Candon City
REGION I,ILOCOS SUR,CAOAYAN,Ilocos Sur,Caoayan
REGION I,ILOCOS SUR,CERVANTES,Ilocos Sur,Cervantes
REGION I,ILOCOS SUR,GALIMUYOD,Ilocos Sur,Galimuyod
REGION I,ILOCOS SUR,GREGORIO DEL PILAR (CONCEPCION),Ilocos Sur,Gregorio Del Pilar
REGION I,ILOCOS SUR,LIDLIDDA,Ilocos Sur,Lidlidda
REGION I,ILOCOS SUR,MAGSINGAL,Ilocos Sur,Magsingal
REGION I,ILOCOS SUR,NAGBUKEL,Ilocos Sur,Nagbukel
REGION I,ILOCOS SUR,NARVACAN,Ilocos Sur,Narvacan
REGION I,ILOCOS SUR,QUIRINO (ANGKAKI),Ilocos Sur,Quirino
REGION I,ILOCOS SUR,SALCEDO (BAUGEN),Ilocos Sur,Salcedo
REGION I,ILOCOS SUR,SAN EMILIO,Ilocos Sur,San Emilio
REGION I,ILOCOS SUR,SAN ESTEBAN,Ilocos Sur,San Esteban
REGION I,ILOCOS SUR,SAN ILDEFONSO,Ilocos Sur,San Ildefonso
REGION I,ILOCOS SUR,SAN JUAN (LAPOG),Ilocos Sur,San Juan
REGION I,ILOCOS SUR,SAN VICENTE,Ilocos Sur,San Vicente
REGION I,ILOCOS SUR,SANTA,Ilocos Sur,Santa
REGION I,ILOCOS SUR,SANTA CATALINA,Ilocos Sur,Santa Catalina
REGION I,ILOCOS SUR,SANTA CRUZ,Ilocos Sur,Santa Cruz
REGION I,ILOCOS SUR,SANTA LUCIA,Ilocos Sur,Santa Lucia
REGION I,ILOCOS SUR,SANTA MARIA,Ilocos Sur,Santa Maria
REGION I,ILOCOS SUR,SANTIAGO,Ilocos Sur,Santiago
REGION I,ILOCOS SUR,SANTO DOMINGO,Ilocos Sur,Santo Domingo
REGION I,ILOCOS SUR,SIGAY,Ilocos Sur,Sigay
REGION I,ILOCOS SUR,SINAIT,Ilocos Sur,Sinait
REGION I,ILOCOS SUR,SUGPON,Ilocos Sur,Sugpon
REGION I,ILOCOS SUR,SUYO,Ilocos Sur,Suyo
REGION I,ILOCOS SUR,TAGUDIN,Ilocos Sur,Tagudin
REGION I,ILOCOS SUR,VIGAN CITY,Ilocos Sur,Vigan City
REGION I,LA UNION,AGOO,La Union,Agoo
REGION I,LA UNION,ARINGAY,La Union,Aringay
REGION I,LA UNION,BACNOTAN,La Union,Bacnotan
REGION I,LA UNION,BAGULIN,La Union,Bagulin
REGION I,LA UNION,BALAOAN,La Union,Balaoan
REGION I,LA UNION,BANGAR,La Union,Bangar
REGION I,LA UNION,BAUANG,La Union,Bauang
REGION I,LA UNION,BURGOS,La Union,Burgos
REGION I,LA UNION,CABA,La Union,Caba
REGION I,LA UNION,CITY OF SAN FERNANDO,La Union,San Fernando City
REGION I,LA UNION,LUNA,La Union,Luna
REGION I,LA UNION,NAGUILIAN,La Union,Naguilian
REGION I,LA UNION,PUGO,La Union,Pugo
REGION I,LA UNION,ROSARIO,La Union,Rosario
REGION I,LA UNION,SAN GABRIEL,La Union,San Gabriel
REGION I,LA UNION,SAN JUAN,La Union,San Juan
REGION I,LA UNION,SANTO TOMAS,La Union,Santo Tomas
REGION I,LA UNION,SANTOL,La Union,Santol
REGION I,LA UNION,SUDIPEN,La Union,Sudipen
REGION I,LA UNION,TUBAO,La Union,Tubao
REGION I,PANGASINAN,AGNO,Pangasinan,Agno
REGION I,PANGASINAN,AGUILAR,Pangasinan,Aguilar
REGION I,PANGASINAN,ALAMINOS CITY,Pangasinan,Alaminos City
REGION I,PANGASINAN,ALCALA,Pangasinan,Alcala
REGION I,PANGASINAN,ANDA,Pangasinan,Anda
REGION I,PANGASINAN,ASINGAN,Pangasinan,Asingan
REGION I,PANGASINAN,BALUNGAO,Pangasinan,Balungao
REGION I,PANGASINAN,BANI,Pangasinan,Bani
REGION I,PANGASINAN,BASISTA,Pangasinan,Basista
REGION I,PANGASINAN,BAUTISTA,Pangasinan,Bautista
REGION I,PANGASINAN,BAYAMBANG,Pangasinan,Bayambang
REGION I,PANGASINAN,BINALONAN,Pangasinan,Binalonan
REGION I,PANGASINAN,BINMALEY,Pangasinan,Binmaley
REGION I,PANGASINAN,BOLINAO,Pangasinan,Bolinao
REGION I,PANGASINAN,BUGALLON,Pangasinan,Bugallon
REGION I,PANGASINAN,BURGOS,Pangasinan,Burgos
REGION I,PANGASINAN,CALASIAO,Pangasinan,Calasiao
REGION I,PANGASINAN,DAGUPAN CITY,Pangasinan,Dagupan City
REGION I,PANGASINAN,DASOL,Pangasinan,Dasol
REGION I,PANGASINAN,INFANTA,Pangasinan,Infanta
REGION I,PANGASINAN,LABRADOR,Pangasinan,Labrador
REGION I,PANGASINAN,LAOAC,Pangasinan,Laoac
REGION I,PANGASINAN,LINGAYEN,Pangasinan,Lingayen
REGION I,PANGASINAN,MABINI,Pangasinan,Mabini
REGION I,PANGASINAN,MALASIQUI,Pangasinan,Malasiqui
REGION I,PANGASINAN,MANAOAG,Pangasinan,Manaoag
REGION I,PANGASINAN,MANGALDAN,Pangasinan,Mangaldan
REGION I,PANGASINAN,MANGATAREM,Pangasinan,Mangatarem
REGION I,PANGASINAN,MAPANDAN,Pangasinan,Mapandan
REGION I,PANGASINAN,NATIVIDAD,Pangasinan,Natividad
REGION I,PANGASINAN,POZORRUBIO,Pangasinan,Pozzorubio
REGION I,PANGASINAN,ROSALES,Pangasinan,Rosales
REGION I,PANGASINAN,SAN CARLOS CITY,Pangasinan,San Carlos City
REGION I,PANGASINAN,SAN FABIAN,Pangasinan,San Fabian
REGION I,PANGASINAN,SAN JACINTO,Pangasinan,San Jacinto
REGION I,PANGASINAN,SAN MANUEL,Pangasinan,San Manuel
REGION I,PANGASINAN,SAN NICOLAS,Pangasinan,San Nicolas
REGION I,PANGASINAN,SAN QUINTIN,Pangasinan,San Quintin
REGION I,PANGASINAN,SANTA BARBARA,Pangasinan,Santa Barbara
REGION I,PANGASINAN,SANTA MARIA,Pangasinan,Santa Maria
REGION I,PANGASINAN,SANTO TOMAS,Pangasinan,Santo Tomas
REGION I,PANGASINAN,SISON,Pangasinan,Sison
REGION I,PANGASINAN,SUAL,Pangasinan,Sual
REGION I,PANGASINAN,TAYUG,Pangasinan,Tayug
REGION I,PANGASINAN,UMINGAN,Pangasinan,Umingan
REGION I,PANGASINAN,URBIZTONDO,Pangasinan,Urbiztondo
REGION I,PANGASINAN,URDANETA CITY,Pangasinan,Urdaneta City
REGION I,PANGASINAN,VILLASIS,Pangasinan,Villasis
REGION II,BATANES,BASCO,Batanes,Basco
REGION II,BATANES,ITBAYAT,Batanes,Itbayat
REGION II,BATANES,IVANA,Batanes,Ivana
REGION II,BATANES,MAHATAO,Batanes,Mahatao
REGION II,BATANES,SABTANG,Batanes,Sabtang
REGION II,BATANES,UYUGAN,Batanes,Uyugan
REGION II,CAGAYAN,ABULUG,Cagayan,Abulug
REGION II,CAGAYAN,ALCALA,Cagayan,Alcala
REGION II,CAGAYAN,ALLACAPAN,Cagayan,Allacapan
REGION II,CAGAYAN,AMULUNG,Cagayan,Amulung
REGION II,CAGAYAN,APARRI,Cagayan,Aparri
REGION II,CAGAYAN,BAGGAO,Cagayan,Baggao
REGION II,CAGAYAN,BALLESTEROS,Cagayan,Ballesteros
REGION II,CAGAYAN,BUGUEY,Cagayan,Buguey
REGION II,CAGAYAN,CALAYAN,Cagayan,Calayan
REGION II,CAGAYAN,CAMALANIUGAN,Cagayan,Camalaniugan
REGION II,CAGAYAN,CLAVERIA,Cagayan,Claveria
REGION II,CAGAYAN,ENRILE,Cagayan,Enrile
REGION II,CAGAYAN,GATTARAN,Cagayan,Gattaran
REGION II,CAGAYAN,GONZAGA,Cagayan,Gonzaga
REGION II,CAGAYAN,IGUIG,Cagayan,Iguig
REGION II,CAGAYAN,LAL-LO,Cagayan,Lal-Lo
REGION II,CAGAYAN,LASAM,Cagayan,Lasam
REGION II,CAGAYAN,PAMPLONA,Cagayan,Pamplona
REGION II,CAGAYAN,PEÑABLANCA,Cagayan,Peñablanca
REGION II,CAGAYAN,PIAT,Cagayan,Piat
REGION II,CAGAYAN,RIZAL,Cagayan,Rizal
REGION II,CAGAYAN,SANCHEZ-MIRA,Cagayan,Sanchez-Mira
REGION II,CAGAYAN,SANTA ANA,Cagayan,Santa Ana
REGION II,CAGAYAN,SANTA PRAXEDES,Cagayan,Santa Praxedes
REGION II,CAGAYAN,SANTA TERESITA,Cagayan,Santa Teresita
REGION II,CAGAYAN,SANTO NIÑO (FAIRE),Cagayan,Santo Niño
REGION II,CAGAYAN,SOLANA,Cagayan,Solana
REGION II,CAGAYAN,TUAO,Cagayan,Tuao
REGION II,CAGAYAN,TUGUEGARAO CITY,Cagayan,Tuguegarao City
REGION II,ISABELA,ALICIA,Isabela,Alicia
REGION II,ISABELA,ANGADANAN,Isabela,Angadanan
REGION II,ISABELA,AURORA,Isabela,Aurora
REGION II,ISABELA,BENITO SOLIVEN,Isabela,Benito Soliven
REGION II,ISABELA,BURGOS,Isabela,Burgos
REGION II,ISABELA,CABAGAN,Isabela,Cabagan
REGION II,ISABELA,CABATUAN,Isabela,Cabatuan
REGION II,ISABELA,CAUAYAN CITY,Isabela,Cauayan City
REGION II,ISABELA,CITY OF SANTIAGO,Isabela,Santiago City
REGION II,ISABELA,CORDON,Isabela,Cordon
REGION II,ISABELA,DELFIN ALBANO (MAGSAYSAY),Isabela,Delfin Albano
REGION II,ISABELA,DINAPIGUE,Isabela,Dinapigue
REGION II,ISABELA,DIVILACAN,Isabela,Divilacan
REGION II,ISABELA,ECHAGUE,Isabela,Echague
REGION II,ISABELA,GAMU,Isabela,Gamu
REGION II,ISABELA,ILAGAN CITY,Isabela,Ilagan
REGION II,ISABELA,JONES,Isabela,Jones
REGION II,ISABELA,LUNA,Isabela,Luna
REGION II,ISABELA,MALLIG,Isabela,Mallig
REGION II,ISABELA,NAGUILIAN,Isabela,Naguilian
REGION II,ISABELA,PALANAN,Isabela,Palanan
REGION II,ISABELA,QUEZON,Isabela,Quezon
REGION II,ISABELA,QUIRINO,Isabela,Quirino
REGION II,ISABELA,RAMON,Isabela,Ramon
REGION II,ISABELA,REINA MERCEDES,Isabela,Reina Mercedes
REGION II,ISABELA,ROXAS,Isabela,Roxas
REGION II,ISABELA,SAN AGUSTIN,Isabela,San Agustin
REGION II,ISABELA,SAN GUILLERMO,Isabela,San Guillermo
REGION II,ISABELA,SAN ISIDRO,Isabela,San Isidro
REGION II,ISABELA,SAN MANUEL,Isabela,San Manuel
REGION II,ISABELA,SAN MARIANO,Isabela,San Mariano
REGION II,ISABELA,SAN MATEO,Isabela,San Mateo
REGION II,ISABELA,SAN PABLO,Isabela,San Pablo
REGION II,ISABELA,SANTA MARIA,Isabela,Santa Maria
REGION II,ISABELA,SANTO TOMAS,Isabela,Santo Tomas
REGION II,ISABELA,TUMAUINI,Isabela,Tumauini
REGION II,NUEVA VIZCAYA,ALFONSO CASTANEDA,Nueva Vizcaya,Alfonso Castaneda
REGION II,NUEVA VIZCAYA,AMBAGUIO,Nueva Vizcaya,Ambaguio
REGION II,NUEVA VIZCAYA,ARITAO,Nueva Vizcaya,Aritao
REGION II,NUEVA VIZCAYA,BAGABAG,Nueva Vizcaya,Bagabag
REGION II,NUEVA VIZCAYA,BAMBANG,Nueva Vizcaya,Bambang
REGION II,NUEVA VIZCAYA,BAYOMBONG,Nueva Vizcaya,Bayombong
REGION II,NUEVA VIZCAYA,DIADI,Nueva Vizcaya,Diadi
REGION II,NUEVA VIZCAYA,DUPAX DEL NORTE,Nueva Vizcaya,Dupax Del Norte
REGION II,NUEVA VIZCAYA,DUPAX DEL SUR,Nueva Vizcaya,Dupax Del Sur
REGION II,NUEVA VIZCAYA,KASIBU,Nueva Vizcaya,Kasibu
REGION II,NUEVA VIZCAYA,KAYAPA,Nueva Vizcaya,Kayapa
REGION II,NUEVA VIZCAYA,QUEZON,Nueva Vizcaya,Quezon
REGION II,NUEVA VIZCAYA,SANTA FE,Nueva Vizcaya,Santa Fe
REGION II,NUEVA VIZCAYA,SOLANO,Nueva Vizcaya,Solano
REGION II,NUEVA VIZCAYA,VILLAVERDE,Nueva Vizcaya,Villaverde
REGION II,QUIRINO,AGLIPAY,Quirino,Aglipay
REGION II,QUIRINO,CABARROGUIS,Quirino,Cabarroguis
REGION II,QUIRINO,DIFFUN,Quirino,Diffun
REGION II,QUIRINO,MADDELA,Quirino,Maddela
REGION II,QUIRINO,NAGTIPUNAN,Quirino,Nagtipunan
REGION II,QUIRINO,SAGUDAY,Quirino,Saguday
REGION III,AURORA,BALER,Aurora,Baler
REGION III,AURORA,CASIGURAN,Aurora,Casiguran
REGION III,AURORA,DILASAG,Aurora,Dilasag
REGION III,AURORA,DINALUNGAN,Aurora,Dinalungan
REGION III,AURORA,DINGALAN,Aurora,Dingalan
REGION III,AURORA,DIPACULAO,Aurora,Dipaculao
REGION III,AURORA,MARIA AURORA,Aurora,Maria Aurora
REGION III,AURORA,SAN LUIS,Aurora,San Luis
REGION III,BATAAN,ABUCAY,Bataan,Abucay
REGION III,BATAAN,BAGAC,Bataan,Bagac
REGION III,BATAAN,BALANGA  CITY,Bataan,Balanga City
REGION III,BATAAN,DINALUPIHAN,Bataan,Dinalupihan
REGION III,BATAAN,HERMOSA,Bataan,Hermosa
REGION III,BATAAN,LIMAY,Bataan,Limay
REGION III,BATAAN,MARIVELES,Bataan,Mariveles
REGION III,BATAAN,MORONG,Bataan,Morong
REGION III,BATAAN,ORANI,Bataan,Orani
REGION III,BATAAN,ORION,Bataan,Orion
REGION III,BATAAN,PILAR,Bataan,Pilar
REGION III,BATAAN,SAMAL,Bataan,Samal
REGION III,BULACAN,ANGAT,Bulacan,Angat
REGION III,BULACAN,BALAGTAS (BIGAA),Bulacan,Balagtas
REGION III,BULACAN,BALIUAG,Bulacan,Baliuag
REGION III,BULACAN,BOCAUE,Bulacan,Bocaue
REGION III,BULACAN,BULACAN,Bulacan,Bulacan
REGION III,BULACAN,BUSTOS,Bulacan,Bustos
REGION III,BULACAN,CALUMPIT,Bulacan,Calumpit
REGION III,BULACAN,DOÑA REMEDIOS TRINIDAD,Bulacan,Doña Remedios Trinidad
REGION III,BULACAN,GUIGUINTO,Bulacan,Guiguinto
REGION III,BULACAN,HAGONOY,Bulacan,Hagonoy
REGION III,BULACAN,MALOLOS CITY,Bulacan,Malolos City
REGION III,BULACAN,MARILAO,Bulacan,Marilao
REGION III,BULACAN,MEYCAUAYAN CITY,Bulacan,Meycauayan City
REGION III,BULACAN,NORZAGARAY,Bulacan,Norzagaray
REGION III,BULACAN,OBANDO,Bulacan,Obando
REGION III,BULACAN,PANDI,Bulacan,Pandi
REGION III,BULACAN,PAOMBONG,Bulacan,Paombong
REGION III,BULACAN,PLARIDEL,Bulacan,Plaridel
REGION III,BULACAN,PULILAN,Bulacan,Pulilan
REGION III,BULACAN,SAN ILDEFONSO,Bulacan,San Ildefonso
REGION III,BULACAN,SAN JOSE DEL MONTE  CITY,Bulacan,San Jose del Monte City
REGION III,BULACAN,SAN MIGUEL,Bulacan,San Miguel
REGION III,BULACAN,SAN RAFAEL,Bulacan,San Rafael
REGION III,BULACAN,SANTA MARIA,Bulacan,Santa Maria
REGION III,NUEVA ECIJA,ALIAGA,Nueva Ecija,Aliaga
REGION III,NUEVA ECIJA,BONGABON,Nueva Ecija,Bongabon
REGION III,NUEVA ECIJA,CABANATUAN CITY,Nueva Ecija,Cabanatuan City
REGION III,NUEVA ECIJA,CABIAO,Nueva Ecija,Cabiao
REGION III,NUEVA ECIJA,CARRANGLAN,Nueva Ecija,Carranglan
REGION III,NUEVA ECIJA,CUYAPO,Nueva Ecija,Cuyapo
REGION III,NUEVA ECIJA,GABALDON (BITULOK AND SABANI),Nueva Ecija,Gabaldon
REGION III,NUEVA ECIJA,GAPAN CITY,Nueva Ecija,Gapan City
REGION III,NUEVA ECIJA,GENERAL MAMERTO NATIVIDAD,Nueva Ecija,General Mamerto Natividad
REGION III,NUEVA ECIJA,GENERAL TINIO  (PAPAYA),Nueva Ecija,General Tinio
REGION III,NUEVA ECIJA,GUIMBA,Nueva Ecija,Guimba
REGION III,NUEVA ECIJA,JAEN,Nueva Ecija,Jaen
REGION III,NUEVA ECIJA,LAUR,Nueva Ecija,Laur
REGION III,NUEVA ECIJA,LICAB,Nueva Ecija,Licab
REGION III,NUEVA ECIJA,LLANERA,Nueva Ecija,Llanera
REGION III,NUEVA ECIJA,LUPAO,Nueva Ecija,Lupao
REGION III,NUEVA ECIJA,NAMPICUAN,Nueva Ecija,Nampicuan
REGION III,NUEVA ECIJA,PALAYAN CITY,Nueva Ecija,Palayan City
REGION III,NUEVA ECIJA,PANTABANGAN,Nueva Ecija,Pantabangan
REGION III,NUEVA ECIJA,PEÑARANDA,Nueva Ecija,Peñaranda
REGION III,NUEVA ECIJA,QUEZON,Nueva Ecija,Quezon
REGION III,NUEVA ECIJA,RIZAL,Nueva Ecija,Rizal
REGION III,NUEVA ECIJA,SAN ANTONIO,Nueva Ecija,San Antonio
REGION III,NUEVA ECIJA,SAN ISIDRO,Nueva Ecija,San Isidro
REGION III,NUEVA ECIJA,SAN JOSE CITY,Nueva Ecija,San Jose City
REGION III,NUEVA ECIJA,SAN LEONARDO,Nueva Ecija,San Leonardo
REGION III,NUEVA ECIJA,SANTA ROSA,Nueva Ecija,Santa Rosa
REGION III,NUEVA ECIJA,SANTO DOMINGO,Nueva Ecija,Santo Domingo
REGION III,NUEVA ECIJA,SCIENCE CITY OF MUÑOZ,Nueva Ecija,Muñoz City
REGION III,NUEVA ECIJA,TALAVERA,Nueva Ecija,Talavera
REGION III,NUEVA ECIJA,TALUGTUG,Nueva Ecija,Talugtug
REGION III,NUEVA ECIJA,ZARAGOZA,Nueva Ecija,Zaragoza
REGION III,PAMPANGA,ANGELES CITY,Pampanga,Angeles City
REGION III,PAMPANGA,APALIT,Pampanga,Apalit
REGION III,PAMPANGA,ARAYAT,Pampanga,Arayat
REGION III,PAMPANGA,BACOLOR,Pampanga,Bacolor
REGION III,PAMPANGA,CANDABA,Pampanga,Candaba
REGION III,PAMPANGA,FLORIDABLANCA,Pampanga,Floridablanca
REGION III,PAMPANGA,GUAGUA,Pampanga,Guagua
REGION III,PAMPANGA,LUBAO,Pampanga,Lubao
REGION III,PAMPANGA,MABALACAT,Pampanga,Mabalacat
REGION III,PAMPANGA,MACABEBE,Pampanga,Macabebe
REGION III,PAMPANGA,MAGALANG,Pampanga,Magalang
REGION III,PAMPANGA,MASANTOL,Pampanga,Masantol
REGION III,PAMPANGA,MEXICO,Pampanga,Mexico
REGION III,PAMPANGA,MINALIN,Pampanga,Minalin
REGION III,PAMPANGA,PORAC,Pampanga,Porac
REGION III,PAMPANGA,SAN FERNANDO CITY,Pampanga,San Fernando City
REGION III,PAMPANGA,SAN LUIS,Pampanga,San Luis
REGION III,PAMPANGA,SAN SIMON,Pampanga,San Simon
REGION III,PAMPANGA,SANTA ANA,Pampanga,Santa Ana
REGION III,PAMPANGA,SANTA RITA,Pampanga,Santa Rita
REGION III,PAMPANGA,SANTO TOMAS,Pampanga,Santo Tomas
REGION III,PAMPANGA,SASMUAN (SEXMOAN),Pampanga,Sasmuan
REGION III,TARLAC,ANAO,Tarlac,Anao
REGION III,TARLAC,BAMBAN,Tarlac,Bamban
REGION III,TARLAC,CAMILING,Tarlac,Camiling
REGION III,TARLAC,CAPAS,Tarlac,Capas
REGION III,TARLAC,CITY OF TARLAC,Tarlac,Tarlac City
REGION III,TARLAC,CONCEPCION,Tarlac,Concepcion
REGION III,TARLAC,GERONA,Tarlac,Gerona
REGION III,TARLAC,LA PAZ,Tarlac,La Paz
REGION III,TARLAC,MAYANTOC,Tarlac,Mayantoc
REGION III,TARLAC,MONCADA,Tarlac,Moncada
REGION III,TARLAC,PANIQUI,Tarlac,Paniqui
REGION III,TARLAC,PURA,Tarlac,Pura
REGION III,TARLAC,RAMOS,Tarlac,Ramos
REGION III,TARLAC,SAN CLEMENTE,Tarlac,San Clemente
REGION III,TARLAC,SAN JOSE,Tarlac,San Jose
REGION III,TARLAC,SAN MANUEL,Tarlac,San Manuel
REGION III,TARLAC,SANTA IGNACIA,Tarlac,Santa Ignacia
REGION III,TARLAC,VICTORIA,Tarlac,Victoria
REGION III,ZAMBALES,BOTOLAN,Zambales,Botolan
REGION III,ZAMBALES,CABANGAN,Zambales,Cabangan
REGION III,ZAMBALES,CANDELARIA,Zambales,Candelaria
REGION III,ZAMBALES,CASTILLEJOS,Zambales,Castillejos
REGION III,ZAMBALES,IBA,Zambales,Iba
REGION III,ZAMBALES,MASINLOC,Zambales,Masinloc
REGION III,ZAMBALES,OLONGAPO CITY,Zambales,Olongapo City
REGION III,ZAMBALES,PALAUIG,Zambales,Palauig
REGION III,ZAMBALES,SAN ANTONIO,Zambales,San Antonio
REGION III,ZAMBALES,SAN FELIPE,Zambales,San Felipe
REGION III,ZAMBALES,SAN MARCELINO,Zambales,San Marcelino
REGION III,ZAMBALES,SAN NARCISO,Zambales,San Narciso
REGION III,ZAMBALES,SANTA CRUZ,Zambales,Santa Cruz
REGION III,ZAMBALES,SUBIC,Zambales,Subic
REGION IV-A,BATANGAS,AGONCILLO,Batangas,Agoncillo
REGION IV-A,BATANGAS,ALITAGTAG,Batangas,Alitagtag
REGION IV-A,BATANGAS,BALAYAN,Batangas,Balayan
REGION IV-A,BATANGAS,BALETE,Batangas,Balete
REGION IV-A,BATANGAS,BATANGAS CITY,Batangas,Batangas City
REGION IV-A,BATANGAS,BAUAN,Batangas,Bauan
REGION IV-A,BATANGAS,CALACA,Batangas,Calaca
REGION IV-A,BATANGAS,CALATAGAN,Batangas,Calatagan
REGION IV-A,BATANGAS,CUENCA,Batangas,Cuenca
REGION IV-A,BATANGAS,IBAAN,Batangas,Ibaan
REGION IV-A,BATANGAS,LAUREL,Batangas,Laurel
REGION IV-A,BATANGAS,LEMERY,Batangas,Lemery
REGION IV-A,BATANGAS,LIAN,Batangas,Lian
REGION IV-A,BATANGAS,LIPA CITY,Batangas,Lipa City
REGION IV-A,BATANGAS,LOBO,Batangas,Lobo
REGION IV-A,BATANGAS,MABINI,Batangas,Mabini
REGION IV-A,BATANGAS,MALVAR,Batangas,Malvar
REGION IV-A,BATANGAS,MATAAS NA KAHOY,Batangas,Mataas Na Kahoy
REGION IV-A,BATANGAS,NASUGBU,Batangas,Nasugbu
REGION IV-A,BATANGAS,PADRE GARCIA,Batangas,Padre Garcia
REGION IV-A,BATANGAS,ROSARIO,Batangas,Rosario
REGION IV-A,BATANGAS,SAN JOSE,Batangas,San Jose
REGION IV-A,BATANGAS,SAN JUAN,Batangas,San Juan
REGION IV-A,BATANGAS,SAN LUIS,Batangas,San Luis
REGION IV-A,BATANGAS,SAN NICOLAS,Batangas,San Nicolas
REGION IV-A,BATANGAS,SAN PASCUAL,Batangas,San Pascual
REGION IV-A,BATANGAS,SANTA TERESITA,Batangas,Santa Teresita
REGION IV-A,BATANGAS,SANTO TOMAS,Batangas,Santo Tomas
REGION IV-A,BATANGAS,TAAL,Batangas,Taal
REGION IV-A,BATANGAS,TALISAY,Batangas,Talisay
REGION IV-A,BATANGAS,TANAUAN  CITY,Batangas,Tanauan City
REGION IV-A,BATANGAS,TAYSAN,Batangas,Taysan
REGION IV-A,BATANGAS,TINGLOY,Batangas,Tingloy
REGION IV-A,BATANGAS,TUY,Batangas,Tuy
REGION IV-A,CAVITE,ALFONSO,Cavite,Alfonso
REGION IV-A,CAVITE,AMADEO,Cavite,Amadeo
REGION IV-A,CAVITE,BACOOR CITY,Cavite,Bacoor
REGION IV-A,CAVITE,CARMONA,Cavite,Carmona
REGION IV-A,CAVITE,CAVITE CITY,Cavite,Cavite City
REGION IV-A,CAVITE,DASMARIÑAS CITY,Cavite,Dasmariñas
REGION IV-A,CAVITE,GEN. MARIANO ALVAREZ,Cavite,General Mariano Alvarez
REGION IV-A,CAVITE,GENERAL EMILIO AGUINALDO,Cavite,General Emilio Aguinaldo
REGION IV-A,CAVITE,GENERAL TRIAS CITY,Cavite,General Trias
REGION IV-A,CAVITE,IMUS CITY,Cavite,Imus
REGION IV-A,CAVITE,INDANG,Cavite,Indang
REGION IV-A,CAVITE,KAWIT,Cavite,Kawit
REGION IV-A,CAVITE,MAGALLANES,Cavite,Magallanes
REGION IV-A,CAVITE,MARAGONDON,Cavite,Maragondon
REGION IV-A,CAVITE,MENDEZ (MENDEZ-NUÑEZ),Cavite,Mendez
REGION IV-A,CAVITE,NAIC,Cavite,Naic
REGION IV-A,CAVITE,NOVELETA,Cavite,Noveleta
REGION IV-A,CAVITE,ROSARIO,Cavite,Rosario
REGION IV-A,CAVITE,SILANG,Cavite,Silang
REGION IV-A,CAVITE,TAGAYTAY CITY,Cavite,Tagaytay City
REGION IV-A,CAVITE,TANZA,Cavite,Tanza
REGION IV-A,CAVITE,TERNATE,Cavite,Ternate
REGION IV-A,CAVITE,TRECE MARTIRES CITY,Cavite,Trece Martires City
REGION IV-A,LAGUNA,ALAMINOS,Laguna,Alaminos
REGION IV-A,LAGUNA,BAY,Laguna,Bay
REGION IV-A,LAGUNA,CABUYAO,Laguna,Cabuyao
REGION IV-A,LAGUNA,CALAMBA CITY,Laguna,Calamba City
REGION IV-A,LAGUNA,CALAUAN,Laguna,Calauan
REGION IV-A,LAGUNA,CAVINTI,Laguna,Cavinti
REGION IV-A,LAGUNA,CITY OF BIÑAN,Laguna,Biñan
REGION IV-A,LAGUNA,FAMY,Laguna,Famy
REGION IV-A,LAGUNA,KALAYAAN,Laguna,Kalayaan
REGION IV-A,LAGUNA,LILIW,Laguna,Liliw
REGION IV-A,LAGUNA,LOS BAÑOS,Laguna,Los Baños
REGION IV-A,LAGUNA,LUISIANA,Laguna,Luisiana
REGION IV-A,LAGUNA,LUMBAN,Laguna,Lumban
REGION IV-A,LAGUNA,MABITAC,Laguna,Mabitac
REGION IV-A,LAGUNA,MAGDALENA,Laguna,Magdalena
REGION IV-A,LAGUNA,MAJAYJAY,Laguna,Majayjay
REGION IV-A,LAGUNA,NAGCARLAN,Laguna,Nagcarlan
REGION IV-A,LAGUNA,PAETE,Laguna,Paete
REGION IV-A,LAGUNA,PAGSANJAN,Laguna,Pagsanjan
REGION IV-A,LAGUNA,PAKIL,Laguna,Pakil
REGION IV-A,LAGUNA,PANGIL,Laguna,Pangil
REGION IV-A,LAGUNA,PILA,Laguna,Pila
REGION IV-A,LAGUNA,RIZAL,Laguna,Rizal
REGION IV-A,LAGUNA,SAN PABLO CITY,Laguna,San Pablo City
REGION IV-A,LAGUNA,SAN PEDRO CITY,Laguna,San Pedro
REGION IV-A,LAGUNA,SANTA CRUZ,Laguna,Santa Cruz
REGION IV-A,LAGUNA,SANTA MARIA,Laguna,Santa Maria
REGION IV-A,LAGUNA,SANTA ROSA CITY,Laguna,Santa Rosa City
REGION IV-A,LAGUNA,SINILOAN,Laguna,Siniloan
REGION IV-A,LAGUNA,VICTORIA,Laguna,Victoria
REGION IV-A,QUEZON,AGDANGAN,Quezon,Agdangan
REGION IV-A,QUEZON,ALABAT,Quezon,Alabat
REGION IV-A,QUEZON,ATIMONAN,Quezon,Atimonan
REGION IV-A,QUEZON,BUENAVISTA,Quezon,Buenavista
REGION IV-A,QUEZON,BURDEOS,Quezon,Burdeos
REGION IV-A,QUEZON,CALAUAG,Quezon,Calauag
REGION IV-A,QUEZON,CANDELARIA,Quezon,Candelaria
REGION IV-A,QUEZON,CATANAUAN,Quezon,Catanauan
REGION IV-A,QUEZON,DOLORES,Quezon,Dolores
REGION IV-A,QUEZON,GENERAL LUNA,Quezon,General Luna
REGION IV-A,QUEZON,GENERAL NAKAR,Quezon,General Nakar
REGION IV-A,QUEZON,GUINAYANGAN,Quezon,Guinayangan
REGION IV-A,QUEZON,GUMACA,Quezon,Gumaca
REGION IV-A,QUEZON,INFANTA,Quezon,Infanta
REGION IV-A,QUEZON,JOMALIG,Quezon,Jomalig
REGION IV-A,QUEZON,LOPEZ,Quezon,Lopez
REGION IV-A,QUEZON,LUCBAN,Quezon,Lucban
REGION IV-A,QUEZON,LUCENA CITY,Quezon,Lucena City
REGION IV-A,QUEZON,MACALELON,Quezon,Macalelon
REGION IV-A,QUEZON,MAUBAN,Quezon,Mauban
REGION IV-A,QUEZON,MULANAY,Quezon,Mulanay
REGION IV-A,QUEZON,PADRE BURGOS,Quezon,Padre Burgos
REGION IV-A,QUEZON,PAGBILAO,Quezon,Pagbilao
REGION IV-A,QUEZON,PANUKULAN,Quezon,Panukulan
REGION IV-A,QUEZON,PATNANUNGAN,Quezon,Patnanungan
REGION IV-A,QUEZON,PEREZ,Quezon,Perez
REGION IV-A,QUEZON,PITOGO,Quezon,Pitogo
REGION IV-A,QUEZON,PLARIDEL,Quezon,Plaridel
REGION IV-A,QUEZON,POLILLO,Quezon,Polillo
REGION IV-A,QUEZON,QUEZON,Quezon,Quezon
REGION IV-A,QUEZON,REAL,Quezon,Real
REGION IV-A,QUEZON,SAMPALOC,Quezon,Sampaloc
REGION IV-A,QUEZON,SAN ANDRES,Quezon,San Andres
REGION IV-A,QUEZON,SAN ANTONIO,Quezon,San Antonio
REGION IV-A,QUEZON,SAN FRANCISCO (AURORA),Quezon,San Francisco
REGION IV-A,QUEZON,SAN NARCISO,Quezon,San Narciso
REGION IV-A,QUEZON,SARIAYA,Quezon,Sariaya
REGION IV-A,QUEZON,TAGKAWAYAN,Quezon,Tagkawayan
REGION IV-A,QUEZON,TAYABAS CITY,Quezon,Tayabas City
REGION IV-A,QUEZON,TIAONG,Quezon,Tiaong
REGION IV-A,QUEZON,UNISAN,Quezon,Unisan
REGION IV-A,RIZAL,ANGONO,Rizal,Angono
REGION IV-A,RIZAL,BARAS,Rizal,Baras
REGION IV-A,RIZAL,BINANGONAN,Rizal,Binangonan
REGION IV-A,RIZAL,CAINTA,Rizal,Cainta
REGION IV-A,RIZAL,CARDONA,Rizal,Cardona
REGION IV-A,RIZAL,CITY OF ANTIPOLO,Rizal,Antipolo City
REGION IV-A,RIZAL,JALA-JALA,Rizal,Jala-Jala
REGION IV-A,RIZAL,MORONG,Rizal,Morong
REGION IV-A,RIZAL,PILILLA,Rizal,Pililla
REGION IV-A,RIZAL,RODRIGUEZ  (MONTALBAN),Rizal,Rodriguez
REGION IV-A,RIZAL,SAN MATEO,Rizal,San Mateo
REGION IV-A,RIZAL,TANAY,Rizal,Tanay
REGION IV-A,RIZAL,TAYTAY,Rizal,Taytay
REGION IV-A,RIZAL,TERESA,Rizal,Teresa
REGION IV-B,MARINDUQUE,BOAC,Marinduque,Boac
REGION IV-B,MARINDUQUE,BUENAVISTA,Marinduque,Buenavista
REGION IV-B,MARINDUQUE,GASAN,Marinduque,Gasan
REGION IV-B,MARINDUQUE,MOGPOG,Marinduque,Mogpog
REGION IV-B,MARINDUQUE,SANTA CRUZ,Marinduque,Santa Cruz
REGION IV-B,MARINDUQUE,TORRIJOS,Marinduque,Torrijos
REGION IV-B,OCCIDENTAL MINDORO,ABRA DE ILOG,Occidental Mindoro,Abra de Ilog
REGION IV-B,OCCIDENTAL MINDORO,CALINTAAN,Occidental Mindoro,Calintaan
REGION IV-B,OCCIDENTAL MINDORO,LOOC,Occidental Mindoro,Looc
REGION IV-B,OCCIDENTAL MINDORO,LUBANG,Occidental Mindoro,Lubang
REGION IV-B,OCCIDENTAL MINDORO,MAGSAYSAY,Occidental Mindoro,Magsaysay
REGION IV-B,OCCIDENTAL MINDORO,MAMBURAO,Occidental Mindoro,Mamburao
REGION IV-B,OCCIDENTAL MINDORO,PALUAN,Occidental Mindoro,Paluan
REGION IV-B,OCCIDENTAL MINDORO,RIZAL,Occidental Mindoro,Rizal
REGION IV-B,OCCIDENTAL MINDORO,SABLAYAN,Occidental Mindoro,Sablayan
REGION IV-B,OCCIDENTAL MINDORO,SAN JOSE,Occidental Mindoro,San Jose
REGION IV-B,OCCIDENTAL MINDORO,SANTA CRUZ,Occidental Mindoro,Santa Cruz
REGION IV-B,ORIENTAL MINDORO,BACO,Oriental Mindoro,Baco
REGION IV-B,ORIENTAL MINDORO,BANSUD,Oriental Mindoro,Bansud
REGION IV-B,ORIENTAL MINDORO,BONGABONG,Oriental Mindoro,Bongabong
REGION IV-B,ORIENTAL MINDORO,BULALACAO  (SAN PEDRO),Oriental Mindoro,Bulalacao
REGION IV-B,ORIENTAL MINDORO,CITY OF CALAPAN,Oriental Mindoro,Calapan City
REGION IV-B,ORIENTAL MINDORO,GLORIA,Oriental Mindoro,Gloria
REGION IV-B,ORIENTAL MINDORO,MANSALAY,Oriental Mindoro,Mansalay
REGION IV-B,ORIENTAL MINDORO,NAUJAN,Oriental Mindoro,Naujan
REGION IV-B,ORIENTAL MINDORO,PINAMALAYAN,Oriental Mindoro,Pinamalayan
REGION IV-B,ORIENTAL MINDORO,POLA,Oriental Mindoro,Pola
REGION IV-B,ORIENTAL MINDORO,PUERTO GALERA,Oriental Mindoro,Puerto Galera
REGION IV-B,ORIENTAL MINDORO,ROXAS,Oriental Mindoro,Roxas
REGION IV-B,ORIENTAL MINDORO,SAN TEODORO,Oriental Mindoro,San Teodoro
REGION IV-B,ORIENTAL MINDORO,SOCORRO,Oriental Mindoro,Socorro
REGION IV-B,ORIENTAL MINDORO,VICTORIA,Oriental Mindoro,Victoria
REGION IV-B,PALAWAN,ABORLAN,Palawan,Aborlan
REGION IV-B,PALAWAN,AGUTAYA,Palawan,Agutaya
REGION IV-B,PALAWAN,ARACELI,Palawan,Araceli
REGION IV-B,PALAWAN,BALABAC,Palawan,Balabac
REGION IV-B,PALAWAN,BATARAZA,Palawan,Bataraza
REGION IV-B,PALAWAN,BROOKE'S POINT,Palawan,Brooke's Point
REGION IV-B,PALAWAN,BUSUANGA,Palawan,Busuanga
REGION IV-B,PALAWAN,CAGAYANCILLO,Palawan,Cagayancillo
REGION IV-B,PALAWAN,CORON,Palawan,Coron
REGION IV-B,PALAWAN,CULION,Palawan,Culion
REGION IV-B,PALAWAN,CUYO,Palawan,Cuyo
REGION IV-B,PALAWAN,DUMARAN,Palawan,Dumaran
REGION IV-B,PALAWAN,EL NIDO (BACUIT),Palawan,El Nido
REGION IV-B,PALAWAN,KALAYAAN,Palawan,KALAYAAN
REGION IV-B,PALAWAN,LINAPACAN,Palawan,Linapacan
REGION IV-B,PALAWAN,MAGSAYSAY,Palawan,Magsaysay
REGION IV-B,PALAWAN,NARRA,Palawan,Narra
REGION IV-B,PALAWAN,PUERTO PRINCESA CITY,Palawan,Puerto Princesa City
REGION IV-B,PALAWAN,QUEZON,Palawan,Quezon
REGION IV-B,PALAWAN,RIZAL (MARCOS),Palawan,Rizal
REGION IV-B,PALAWAN,ROXAS,Palawan,Roxas
REGION IV-B,PALAWAN,SAN VICENTE,Palawan,San Vicente
REGION IV-B,PALAWAN,SOFRONIO ESPAÑOLA,Palawan,Sofronio Espanola
REGION IV-B,PALAWAN,TAYTAY,Palawan,Taytay
REGION IV-B,ROMBLON,ALCANTARA,Romblon,Alcantara
REGION IV-B,ROMBLON,BANTON,Romblon,Banton
REGION IV-B,ROMBLON,CAJIDIOCAN,Romblon,Cajidiocan
REGION IV-B,ROMBLON,CALATRAVA,Romblon,Calatrava
REGION IV-B,ROMBLON,CONCEPCION,Romblon,Concepcion
REGION IV-B,ROMBLON,CORCUERA,Romblon,Corcuera
REGION IV-B,ROMBLON,FERROL,Romblon,Ferrol
REGION IV-B,ROMBLON,LOOC,Romblon,Looc
REGION IV-B,ROMBLON,MAGDIWANG,Romblon,Magdiwang
REGION IV-B,ROMBLON,ODIONGAN,Romblon,Odiongan
REGION IV-B,ROMBLON,ROMBLON,Romblon,Romblon
REGION IV-B,ROMBLON,SAN AGUSTIN,Romblon,San Agustin
REGION IV-B,ROMBLON,SAN ANDRES,Romblon,San Andres
REGION IV-B,ROMBLON,SAN FERNANDO,Romblon,San Fernando
REGION IV-B,ROMBLON,SAN JOSE,Romblon,San Jose
REGION IV-B,ROMBLON,SANTA FE,Romblon,Santa Fe
REGION IV-B,ROMBLON,SANTA MARIA (IMELDA),Romblon,Santa Maria
REGION IX,ZAMBOANGA DEL NORTE,BACUNGAN (LEON T. POSTIGO),Zamboanga del Norte,Bacungan
REGION IX,ZAMBOANGA DEL NORTE,BALIGUIAN,Zamboanga del Norte,Baliguian
REGION IX,ZAMBOANGA DEL NORTE,DAPITAN CITY,Zamboanga del Norte,Dapitan City
REGION IX,ZAMBOANGA DEL NORTE,DIPOLOG CITY,Zamboanga del Norte,Dipolog City
REGION IX,ZAMBOANGA DEL NORTE,GODOD,Zamboanga del Norte,Godod
REGION IX,ZAMBOANGA DEL NORTE,GUTALAC,Zamboanga del Norte,Gutalac
REGION IX,ZAMBOANGA DEL NORTE,JOSE DALMAN (PONOT),Zamboanga del Norte,Jose Dalman
REGION IX,ZAMBOANGA DEL NORTE,KALAWIT,Zamboanga del Norte,Kalawit
REGION IX,ZAMBOANGA DEL NORTE,KATIPUNAN,Zamboanga del Norte,Katipunan
REGION IX,ZAMBOANGA DEL NORTE,LA LIBERTAD,Zamboanga del Norte,La Libertad
REGION IX,ZAMBOANGA DEL NORTE,LABASON,Zamboanga del Norte,Labason
REGION IX,ZAMBOANGA DEL NORTE,LILOY,Zamboanga del Norte,Liloy
REGION IX,ZAMBOANGA DEL NORTE,MANUKAN,Zamboanga del Norte,Manukan
REGION IX,ZAMBOANGA DEL NORTE,MUTIA,Zamboanga del Norte,Mutia
REGION IX,ZAMBOANGA DEL NORTE,PIÑAN (NEW PIÑAN),Zamboanga del Norte,Pinan
REGION IX,ZAMBOANGA DEL NORTE,POLANCO,Zamboanga del Norte,Polanco
REGION IX,ZAMBOANGA DEL NORTE,PRES. MANUEL A. ROXAS,Zamboanga del Norte,Pres. Manuel A. Roxas
REGION IX,ZAMBOANGA DEL NORTE,RIZAL,Zamboanga del Norte,Rizal
REGION IX,ZAMBOANGA DEL NORTE,SALUG,Zamboanga del Norte,Salug
REGION IX,ZAMBOANGA DEL NORTE,SERGIO OSMEÑA SR.,Zamboanga del Norte,Sergio Osmena Sr.
REGION IX,ZAMBOANGA DEL NORTE,SIAYAN,Zamboanga del Norte,Siayan
REGION IX,ZAMBOANGA DEL NORTE,SIBUCO,Zamboanga del Norte,Sibuco
REGION IX,ZAMBOANGA DEL NORTE,SIBUTAD,Zamboanga del Norte,Sibutad
REGION IX,ZAMBOANGA DEL NORTE,SINDANGAN,Zamboanga del Norte,Sindangan
REGION IX,ZAMBOANGA DEL NORTE,SIOCON,Zamboanga del Norte,Siocon
REGION IX,ZAMBOANGA DEL NORTE,SIRAWAI,Zamboanga del Norte,Sirawai
REGION IX,ZAMBOANGA DEL NORTE,TAMPILISAN,Zamboanga del Norte,Tampilisan
REGION IX,ZAMBOANGA DEL SUR,AURORA,Zamboanga del Sur,Aurora
REGION IX,ZAMBOANGA DEL SUR,BAYOG,Zamboanga del Sur,Bayog
REGION IX,ZAMBOANGA DEL SUR,DIMATALING,Zamboanga del Sur,Dimataling
REGION IX,ZAMBOANGA DEL SUR,DINAS,Zamboanga del Sur,Dinas
REGION IX,ZAMBOANGA DEL SUR,DUMALINAO,Zamboanga del Sur,Dumalinao
REGION IX,ZAMBOANGA DEL SUR,DUMINGAG,Zamboanga del Sur,Dumingag
REGION IX,ZAMBOANGA DEL SUR,GUIPOS,Zamboanga del Sur,Guipos
REGION IX,ZAMBOANGA DEL SUR,JOSEFINA,Zamboanga del Sur,Josefina
REGION IX,ZAMBOANGA DEL SUR,KUMALARANG,Zamboanga del Sur,Kumalarang
REGION IX,ZAMBOANGA DEL SUR,LABANGAN,Zamboanga del Sur,Labangan
REGION IX,ZAMBOANGA DEL SUR,LAKEWOOD,Zamboanga del Sur,Lakewood
REGION IX,ZAMBOANGA DEL SUR,LAPUYAN,Zamboanga del Sur,Lapuyan
REGION IX,ZAMBOANGA DEL SUR,MAHAYAG,Zamboanga del Sur,Mahayag
REGION IX,ZAMBOANGA DEL SUR,MARGOSATUBIG,Zamboanga del Sur,Margosatubig
REGION IX,ZAMBOANGA DEL SUR,MIDSALIP,Zamboanga del Sur,Midsalip
REGION IX,ZAMBOANGA DEL SUR,MOLAVE,Zamboanga del Sur,Molave
REGION IX,ZAMBOANGA DEL SUR,PAGADIAN CITY,Zamboanga del Sur,Pagadian City
REGION IX,ZAMBOANGA DEL SUR,PITOGO,Zamboanga del Sur,Pitogo
REGION IX,ZAMBOANGA DEL SUR,RAMON MAGSAYSAY (LIARGO),Zamboanga del Sur,Ramon Magsaysay
REGION IX,ZAMBOANGA DEL SUR,SAN MIGUEL,Zamboanga del Sur,San Miguel
REGION IX,ZAMBOANGA DEL SUR,SAN PABLO,Zamboanga del Sur,San Pablo
REGION IX,ZAMBOANGA DEL SUR,SOMINOT (DON MARIANO MARCOS),Zamboanga del Sur,Sominot
REGION IX,ZAMBOANGA DEL SUR,TABINA,Zamboanga del Sur,Tabina
REGION IX,ZAMBOANGA DEL SUR,TAMBULIG,Zamboanga del Sur,Tambulig
REGION IX,ZAMBOANGA DEL SUR,TIGBAO,Zamboanga del Sur,Tigbao
REGION IX,ZAMBOANGA DEL SUR,TUKURAN,Zamboanga del Sur,Tukuran
REGION IX,ZAMBOANGA DEL SUR,VINCENZO A. SAGUN,Zamboanga del Sur,Vincenzo A. Sagun
REGION IX,ZAMBOANGA DEL SUR,ZAMBOANGA CITY,Zamboanga del Sur,Zamboanga City
REGION IX,ZAMBOANGA SIBUGAY,ALICIA,Zamboanga Sibugay,Alicia
REGION IX,ZAMBOANGA SIBUGAY,BUUG,Zamboanga Sibugay,Buug
REGION IX,ZAMBOANGA SIBUGAY,DIPLAHAN,Zamboanga Sibugay,Diplahan
REGION IX,ZAMBOANGA SIBUGAY,IMELDA,Zamboanga Sibugay,Imelda
REGION IX,ZAMBOANGA SIBUGAY,IPIL,Zamboanga Sibugay,Ipil
REGION IX,ZAMBOANGA SIBUGAY,KABASALAN,Zamboanga Sibugay,Kabasalan
REGION IX,ZAMBOANGA SIBUGAY,MABUHAY,Zamboanga Sibugay,Mabuhay
REGION IX,ZAMBOANGA SIBUGAY,MALANGAS,Zamboanga Sibugay,Malangas
REGION IX,ZAMBOANGA SIBUGAY,NAGA,Zamboanga Sibugay,Naga
REGION IX,ZAMBOANGA SIBUGAY,OLUTANGA,Zamboanga Sibugay,Olutanga
REGION IX,ZAMBOANGA SIBUGAY,PAYAO,Zamboanga Sibugay,Payao
REGION IX,ZAMBOANGA SIBUGAY,ROSELLER LIM,Zamboanga Sibugay,Roseller Lim
REGION IX,ZAMBOANGA SIBUGAY,SIAY,Zamboanga Sibugay,Siay
REGION IX,ZAMBOANGA SIBUGAY,TALUSAN,Zamboanga Sibugay,Talusan
REGION IX,ZAMBOANGA SIBUGAY,TITAY,Zamboanga Sibugay,Titay
REGION IX,ZAMBOANGA SIBUGAY,TUNGAWAN,Zamboanga Sibugay,Tungawan
REGION V,ALBAY,BACACAY,Albay,Bacacay
REGION V,ALBAY,CAMALIG,Albay,Camalig
REGION V,ALBAY,CITY OF LIGAO,Albay,Ligao City
REGION V,ALBAY,DARAGA (LOCSIN),Albay,Daraga
REGION V,ALBAY,GUINOBATAN,Albay,Guinobatan
REGION V,ALBAY,JOVELLAR,Albay,Jovellar
REGION V,ALBAY,LEGAZPI CITY,Albay,Legazpi City
REGION V,ALBAY,LIBON,Albay,Libon
REGION V,ALBAY,MALILIPOT,Albay,Malilipot
REGION V,ALBAY,MALINAO,Albay,Malinao
REGION V,ALBAY,MANITO,Albay,Manito
REGION V,ALBAY,OAS,Albay,Oas
REGION V,ALBAY,PIO DURAN,Albay,Pio Duran
REGION V,ALBAY,POLANGUI,Albay,Polangui
REGION V,ALBAY,RAPU-RAPU,Albay,Rapu-Rapu
REGION V,ALBAY,SANTO DOMINGO (LIBOG),Albay,Santo Domingo
REGION V,ALBAY,TABACO  CITY,Albay,Tabaco City
REGION V,ALBAY,TIWI,Albay,Tiwi
REGION V,CAMARINES NORTE,BASUD,Camarines Norte,Basud
REGION V,CAMARINES NORTE,CAPALONGA,Camarines Norte,Capalonga
REGION V,CAMARINES NORTE,DAET,Camarines Norte,Daet
REGION V,CAMARINES NORTE,JOSE PANGANIBAN,Camarines Norte,Jose Panganiban
REGION V,CAMARINES NORTE,LABO,Camarines Norte,Labo
REGION V,CAMARINES NORTE,MERCEDES,Camarines Norte,Mercedes
REGION V,CAMARINES NORTE,PARACALE,Camarines Norte,Paracale
REGION V,CAMARINES NORTE,SAN LORENZO RUIZ (IMELDA),Camarines Norte,San Lorenzo Ruiz
REGION V,CAMARINES NORTE,SAN VICENTE,Camarines Norte,San Vicente
REGION V,CAMARINES NORTE,SANTA ELENA,Camarines Norte,Santa Elena
REGION V,CAMARINES NORTE,TALISAY,Camarines Norte,Talisay
REGION V,CAMARINES NORTE,VINZONS,Camarines Norte,Vinzons
REGION V,CAMARINES SUR,BAAO,Camarines Sur,Baao
REGION V,CAMARINES SUR,BALATAN,Camarines Sur,Balatan
REGION V,CAMARINES SUR,BATO,Camarines Sur,Bato
REGION V,CAMARINES SUR,BOMBON,Camarines Sur,Bombon
REGION V,CAMARINES SUR,BUHI,Camarines Sur,Buhi
REGION V,CAMARINES SUR,BULA,Camarines Sur,Bula
REGION V,CAMARINES SUR,CABUSAO,Camarines Sur,Cabusao
REGION V,CAMARINES SUR,CALABANGA,Camarines Sur,Calabanga
REGION V,CAMARINES SUR,CAMALIGAN,Camarines Sur,Camaligan
REGION V,CAMARINES SUR,CANAMAN,Camarines Sur,Canaman
REGION V,CAMARINES SUR,CARAMOAN,Camarines Sur,Caramoan
REGION V,CAMARINES SUR,DEL GALLEGO,Camarines Sur,Del Gallego
REGION V,CAMARINES SUR,GAINZA,Camarines Sur,Gainza
REGION V,CAMARINES SUR,GARCHITORENA,Camarines Sur,Garchitorena
REGION V,CAMARINES SUR,GOA,Camarines Sur,Goa
REGION V,CAMARINES SUR,IRIGA CITY,Camarines Sur,Iriga City
REGION V,CAMARINES SUR,LAGONOY,Camarines Sur,Lagonoy
REGION V,CAMARINES SUR,LIBMANAN,Camarines Sur,Libmanan
REGION V,CAMARINES SUR,LUPI,Camarines Sur,Lupi
REGION V,CAMARINES SUR,MAGARAO,Camarines Sur,Magarao
REGION V,CAMARINES SUR,MILAOR,Camarines Sur,Milaor
REGION V,CAMARINES SUR,MINALABAC,Camarines Sur,Minalabac
REGION V,CAMARINES SUR,NABUA,Camarines Sur,Nabua
REGION V,CAMARINES SUR,NAGA CITY,Camarines Sur,Naga City
REGION V,CAMARINES SUR,OCAMPO,Camarines Sur,Ocampo
REGION V,CAMARINES SUR,PAMPLONA,Camarines Sur,Pamplona
REGION V,CAMARINES SUR,PASACAO,Camarines Sur,Pasacao
REGION V,CAMARINES SUR,PILI,Camarines Sur,Pili
REGION V,CAMARINES SUR,PRESENTACION (PARUBCAN),Camarines Sur,Presentacion
REGION V,CAMARINES SUR,RAGAY,Camarines Sur,Ragay
REGION V,CAMARINES SUR,SAGÑAY,Camarines Sur,Sagnay
REGION V,CAMARINES SUR,SAN FERNANDO,Camarines Sur,San Fernando
REGION V,CAMARINES SUR,SAN JOSE,Camarines Sur,San Jose
REGION V,CAMARINES SUR,SIPOCOT,Camarines Sur,Sipocot
REGION V,CAMARINES SUR,SIRUMA,Camarines Sur,Siruma
REGION V,CAMARINES SUR,TIGAON,Camarines Sur,Tigaon
REGION V,CAMARINES SUR,TINAMBAC,Camarines Sur,Tinambac
REGION V,CATANDUANES,BAGAMANOC,Catanduanes,Bagamanoc
REGION V,CATANDUANES,BARAS,Catanduanes,Baras
REGION V,CATANDUANES,BATO,Catanduanes,Bato
REGION V,CATANDUANES,CARAMORAN,Catanduanes,Caramoran
REGION V,CATANDUANES,GIGMOTO,Catanduanes,Gigmoto
REGION V,CATANDUANES,PANDAN,Catanduanes,Pandan
REGION V,CATANDUANES,PANGANIBAN (PAYO),Catanduanes,Panganiban
REGION V,CATANDUANES,SAN ANDRES (CALOLBON),Catanduanes,San Andres
REGION V,CATANDUANES,SAN MIGUEL,Catanduanes,San Miguel
REGION V,CATANDUANES,VIGA,Catanduanes,Viga
REGION V,CATANDUANES,VIRAC,Catanduanes,Virac
REGION V,MASBATE,AROROY,Masbate,Aroroy
REGION V,MASBATE,BALENO,Masbate,Baleno
REGION V,MASBATE,BALUD,Masbate,Balud
REGION V,MASBATE,BATUAN,Masbate,Batuan
REGION V,MASBATE,CATAINGAN,Masbate,Cataingan
REGION V,MASBATE,CAWAYAN,Masbate,Cawayan
REGION V,MASBATE,CLAVERIA,Masbate,Claveria
REGION V,MASBATE,DIMASALANG,Masbate,Dimasalang
REGION V,MASBATE,ESPERANZA,Masbate,Esperanza
REGION V,MASBATE,MANDAON,Masbate,Mandaon
REGION V,MASBATE,MASBATE CITY,Masbate,Masbate City
REGION V,MASBATE,MILAGROS,Masbate,Milagros
REGION V,MASBATE,MOBO,Masbate,Mobo
REGION V,MASBATE,MONREAL,Masbate,Monreal
REGION V,MASBATE,PALANAS,Masbate,Palanas
REGION V,MASBATE,PIO V. CORPUZ (LIMBUHAN),Masbate,Pio V. Corpuz
REGION V,MASBATE,PLACER,Masbate,Placer
REGION V,MASBATE,SAN FERNANDO,Masbate,San Fernando
REGION V,MASBATE,SAN JACINTO,Masbate,San Jacinto
REGION V,MASBATE,SAN PASCUAL,Masbate,San Pascual
REGION V,MASBATE,USON,Masbate,Uson
REGION V,SORSOGON,BARCELONA,Sorsogon,Barcelona
REGION V,SORSOGON,BULAN,Sorsogon,Bulan
REGION V,SORSOGON,BULUSAN,Sorsogon,Bulusan
REGION V,SORSOGON,CASIGURAN,Sorsogon,Casiguran
REGION V,SORSOGON,CASTILLA,Sorsogon,Castilla
REGION V,SORSOGON,DONSOL,Sorsogon,Donsol
REGION V,SORSOGON,GUBAT,Sorsogon,Gubat
REGION V,SORSOGON,IROSIN,Sorsogon,Irosin
REGION V,SORSOGON,JUBAN,Sorsogon,Juban
REGION V,SORSOGON,MAGALLANES,Sorsogon,Magallanes
REGION V,SORSOGON,MATNOG,Sorsogon,Matnog
REGION V,SORSOGON,PILAR,Sorsogon,Pilar
REGION V,SORSOGON,PRIETO DIAZ,Sorsogon,Prieto Diaz
REGION V,SORSOGON,SANTA MAGDALENA,Sorsogon,Santa Magdalena
REGION V,SORSOGON,SORSOGON CITY,Sorsogon,Sorsogon City
REGION VI,AKLAN,ALTAVAS,Aklan,Altavas
REGION VI,AKLAN,BALETE,Aklan,Balete
REGION VI,AKLAN,BANGA,Aklan,Banga
REGION VI,AKLAN,BATAN,Aklan,Batan
REGION VI,AKLAN,BURUANGA,Aklan,Buruanga
REGION VI,AKLAN,IBAJAY,Aklan,Ibajay
REGION VI,AKLAN,KALIBO,Aklan,Kalibo
REGION VI,AKLAN,LEZO,Aklan,Lezo
REGION VI,AKLAN,LIBACAO,Aklan,Libacao
REGION VI,AKLAN,MADALAG,Aklan,Madalag
REGION VI,AKLAN,MAKATO,Aklan,Makato
REGION VI,AKLAN,MALAY,Aklan,Malay
REGION VI,AKLAN,MALINAO,Aklan,Malinao
REGION VI,AKLAN,NABAS,Aklan,Nabas
REGION VI,AKLAN,NEW WASHINGTON,Aklan,New Washington
REGION VI,AKLAN,NUMANCIA,Aklan,Numancia
REGION VI,AKLAN,TANGALAN,Aklan,Tangalan
REGION VI,ANTIQUE,ANINI-Y,Antique,Anini-Y
REGION VI,ANTIQUE,BARBAZA,Antique,Barbaza
REGION VI,ANTIQUE,BELISON,Antique,Belison
REGION VI,ANTIQUE,BUGASONG,Antique,Bugasong
REGION VI,ANTIQUE,CALUYA,Antique,Caluya
REGION VI,ANTIQUE,CULASI,Antique,Culasi
REGION VI,ANTIQUE,HAMTIC,Antique,Hamtic
REGION VI,ANTIQUE,LAUA-AN,Antique,Laua-An
REGION VI,ANTIQUE,LIBERTAD,Antique,Libertad
REGION VI,ANTIQUE,PANDAN,Antique,Pandan
REGION VI,ANTIQUE,PATNONGON,Antique,Patnongon
REGION VI,ANTIQUE,SAN JOSE,Antique,San Jose
REGION VI,ANTIQUE,SAN REMIGIO,Antique,San Remigio
REGION VI,ANTIQUE,SEBASTE,Antique,Sebaste
REGION VI,ANTIQUE,SIBALOM,Antique,Sibalom
REGION VI,ANTIQUE,TIBIAO,Antique,Tibiao
REGION VI,ANTIQUE,TOBIAS FORNIER (DAO),Antique,Tobias Fornier
REGION VI,ANTIQUE,VALDERRAMA,Antique,Valderrama
REGION VI,CAPIZ,CUARTERO,Capiz,Cuartero
REGION VI,CAPIZ,DAO,Capiz,Dao
REGION VI,CAPIZ,DUMALAG,Capiz,Dumalag
REGION VI,CAPIZ,DUMARAO,Capiz,Dumarao
REGION VI,CAPIZ,IVISAN,Capiz,Ivisan
REGION VI,CAPIZ,JAMINDAN,Capiz,Jamindan
REGION VI,CAPIZ,MA-AYON,Capiz,Ma-Ayon
REGION VI,CAPIZ,MAMBUSAO,Capiz,Mambusao
REGION VI,CAPIZ,PANAY,Capiz,Panay
REGION VI,CAPIZ,PANITAN,Capiz,Panitan
REGION VI,CAPIZ,PILAR,Capiz,Pilar
REGION VI,CAPIZ,PONTEVEDRA,Capiz,Pontevedra
REGION VI,CAPIZ,PRESIDENT ROXAS,Capiz,President Roxas
REGION VI,CAPIZ,ROXAS CITY,Capiz,Roxas City
REGION VI,CAPIZ,SAPI-AN,Capiz,Sapi-An
REGION VI,CAPIZ,SIGMA,Capiz,Sigma
REGION VI,CAPIZ,TAPAZ,Capiz,Tapaz
REGION VI,GUIMARAS,BUENAVISTA,Guimaras,Buenavista
REGION VI,GUIMARAS,JORDAN,Guimaras,Jordan
REGION VI,GUIMARAS,NUEVA VALENCIA,Guimaras,Nueva Valencia
REGION VI,GUIMARAS,SAN LORENZO,Guimaras,San Lorenzo
REGION VI,GUIMARAS,SIBUNAG,Guimaras,Sibunag
REGION VI,ILOILO,AJUY,Iloilo,Ajuy
REGION VI,ILOILO,ALIMODIAN,Iloilo,Alimodian
REGION VI,ILOILO,ANILAO,Iloilo,Anilao
REGION VI,ILOILO,BADIANGAN,Iloilo,Badiangan
REGION VI,ILOILO,BALASAN,Iloilo,Balasan
REGION VI,ILOILO,BANATE,Iloilo,Banate
REGION VI,ILOILO,BAROTAC NUEVO,Iloilo,Barotac Nuevo
REGION VI,ILOILO,BAROTAC VIEJO,Iloilo,Barotac Viejo
REGION VI,ILOILO,BATAD,Iloilo,Batad
REGION VI,ILOILO,BINGAWAN,Iloilo,Bingawan
REGION VI,ILOILO,CABATUAN,Iloilo,Cabatuan
REGION VI,ILOILO,CALINOG,Iloilo,Calinog
REGION VI,ILOILO,CARLES,Iloilo,Carles
REGION VI,ILOILO,CITY OF PASSI,Iloilo,Passi City
REGION VI,ILOILO,CONCEPCION,Iloilo,Concepcion
REGION VI,ILOILO,DINGLE,Iloilo,Dingle
REGION VI,ILOILO,DUEÑAS,Iloilo,Duenas
REGION VI,ILOILO,DUMANGAS,Iloilo,Dumangas
REGION VI,ILOILO,ESTANCIA,Iloilo,Estancia
REGION VI,ILOILO,GUIMBAL,Iloilo,Guimbal
REGION VI,ILOILO,IGBARAS,Iloilo,Igbaras
REGION VI,ILOILO,ILOILO CITY,Iloilo,Iloilo City
REGION VI,ILOILO,JANIUAY,Iloilo,Janiuay
REGION VI,ILOILO,LAMBUNAO,Iloilo,Lambunao
REGION VI,ILOILO,LEGANES,Iloilo,Leganes
REGION VI,ILOILO,LEMERY,Iloilo,Lemery
REGION VI,ILOILO,LEON,Iloilo,Leon
REGION VI,ILOILO,MAASIN,Iloilo,Maasin
REGION VI,ILOILO,MIAGAO,Iloilo,Miagao
REGION VI,ILOILO,MINA,Iloilo,Mina
REGION VI,ILOILO,NEW LUCENA,Iloilo,New Lucena
REGION VI,ILOILO,OTON,Iloilo,Oton
REGION VI,ILOILO,PAVIA,Iloilo,Pavia
REGION VI,ILOILO,POTOTAN,Iloilo,Pototan
REGION VI,ILOILO,SAN DIONISIO,Iloilo,San Dionisio
REGION VI,ILOILO,SAN ENRIQUE,Iloilo,San Enrique
REGION VI,ILOILO,SAN JOAQUIN,Iloilo,San Joaquin
REGION VI,ILOILO,SAN MIGUEL,Iloilo,San Miguel
REGION VI,ILOILO,SAN RAFAEL,Iloilo,San Rafael
REGION VI,ILOILO,SANTA BARBARA,Iloilo,Santa Barbara
REGION VI,ILOILO,SARA,Iloilo,Sara
REGION VI,ILOILO,TIGBAUAN,Iloilo,Tigbauan
REGION VI,ILOILO,TUBUNGAN,Iloilo,Tubungan
REGION VI,ILOILO,ZARRAGA,Iloilo,Zarraga
REGION VII,BOHOL,ALBURQUERQUE,Bohol,Albuquerque
REGION VII,BOHOL,ALICIA,Bohol,Alicia
REGION VII,BOHOL,ANDA,Bohol,Anda
REGION VII,BOHOL,ANTEQUERA,Bohol,Antequera
REGION VII,BOHOL,BACLAYON,Bohol,Baclayon
REGION VII,BOHOL,BALILIHAN,Bohol,Balilihan
REGION VII,BOHOL,BATUAN,Bohol,Batuan
REGION VII,BOHOL,BIEN UNIDO,Bohol,Bien Unido
REGION VII,BOHOL,BILAR,Bohol,Bilar
REGION VII,BOHOL,BUENAVISTA,Bohol,Buenavista
REGION VII,BOHOL,CALAPE,Bohol,Calape
REGION VII,BOHOL,CANDIJAY,Bohol,Candijay
REGION VII,BOHOL,CARMEN,Bohol,Carmen
REGION VII,BOHOL,CATIGBIAN,Bohol,Catigbian
REGION VII,BOHOL,CLARIN,Bohol,Clarin
REGION VII,BOHOL,CORELLA,Bohol,Corella
REGION VII,BOHOL,CORTES,Bohol,Cortes
REGION VII,BOHOL,DAGOHOY,Bohol,Dagohoy
REGION VII,BOHOL,DANAO,Bohol,Danao
REGION VII,BOHOL,DAUIS,Bohol,Dauis
REGION VII,BOHOL,DIMIAO,Bohol,Dimiao
REGION VII,BOHOL,DUERO,Bohol,Duero
REGION VII,BOHOL,GARCIA HERNANDEZ,Bohol,Garcia Hernandez
REGION VII,BOHOL,GUINDULMAN,Bohol,Guindulman
REGION VII,BOHOL,INABANGA,Bohol,Inabanga
REGION VII,BOHOL,JAGNA,Bohol,Jagna
REGION VII,BOHOL,JETAFE,Bohol,Jetafe
REGION VII,BOHOL,LILA,Bohol,Lila
REGION VII,BOHOL,LOAY,Bohol,Loay
REGION VII,BOHOL,LOBOC,Bohol,Loboc
REGION VII,BOHOL,LOON,Bohol,Loon
REGION VII,BOHOL,MABINI,Bohol,Mabini
REGION VII,BOHOL,MARIBOJOC,Bohol,Maribojoc
REGION VII,BOHOL,PANGLAO,Bohol,Panglao
REGION VII,BOHOL,PILAR,Bohol,Pilar
REGION VII,BOHOL,PRES. CARLOS P. GARCIA (PITOGO),Bohol,Pres. Carlos P. Garcia
REGION VII,BOHOL,SAGBAYAN (BORJA),Bohol,Sagbayan
REGION VII,BOHOL,SAN ISIDRO,Bohol,San Isidro
REGION VII,BOHOL,SAN MIGUEL,Bohol,San Miguel
REGION VII,BOHOL,SEVILLA,Bohol,Sevilla
REGION VII,BOHOL,SIERRA BULLONES,Bohol,Sierra Bullones
REGION VII,BOHOL,SIKATUNA,Bohol,Sikatuna
REGION VII,BOHOL,TAGBILARAN CITY,Bohol,Tagbilaran City
REGION VII,BOHOL,TALIBON,Bohol,Talibon
REGION VII,BOHOL,TRINIDAD,Bohol,Trinidad
REGION VII,BOHOL,TUBIGON,Bohol,Tubigon
REGION VII,BOHOL,UBAY,Bohol,Ubay
REGION VII,BOHOL,VALENCIA,Bohol,Valencia
REGION VII,CEBU,ALCANTARA,Cebu,Alcantara
REGION VII,CEBU,ALCOY,Cebu,Alcoy
REGION VII,CEBU,ALEGRIA,Cebu,Alegria
REGION VII,CEBU,ALOGUINSAN,Cebu,Aloguinsan
REGION VII,CEBU,ARGAO,Cebu,Argao
REGION VII,CEBU,ASTURIAS,Cebu,Asturias
REGION VII,CEBU,BADIAN,Cebu,Badian
REGION VII,CEBU,BALAMBAN,Cebu,Balamban
REGION VII,CEBU,BANTAYAN,Cebu,Bantayan
REGION VII,CEBU,BARILI,Cebu,Barili
REGION VII,CEBU,BOGO CITY,Cebu,Bogo City
REGION VII,CEBU,BOLJOON,Cebu,Boljoon
REGION VII,CEBU,BORBON,Cebu,Borbon
REGION VII,CEBU,CARCAR CITY,Cebu,Carcar
REGION VII,CEBU,CARMEN,Cebu,Carmen
REGION VII,CEBU,CATMON,Cebu,Catmon
REGION VII,CEBU,CEBU CITY,Cebu,Cebu City
REGION VII,CEBU,COMPOSTELA,Cebu,Compostela
REGION VII,CEBU,CONSOLACION,Cebu,Consolacion
REGION VII,CEBU,CORDOBA,Cebu,Cordoba
REGION VII,CEBU,DAANBANTAYAN,Cebu,Daanbantayan
REGION VII,CEBU,DALAGUETE,Cebu,Dalaguete
REGION VII,CEBU,DANAO CITY,Cebu,Danao City
REGION VII,CEBU,DUMANJUG,Cebu,Dumanjug
REGION VII,CEBU,GINATILAN,Cebu,Ginatilan
REGION VII,CEBU,LAPU-LAPU CITY (OPON),Cebu,Lapu-Lapu City
REGION VII,CEBU,LILOAN,Cebu,Liloan
REGION VII,CEBU,MADRIDEJOS,Cebu,Madridejos
REGION VII,CEBU,MALABUYOC,Cebu,Malabuyoc
REGION VII,CEBU,MANDAUE CITY,Cebu,Mandaue City
REGION VII,CEBU,MEDELLIN,Cebu,Medellin
REGION VII,CEBU,MINGLANILLA,Cebu,Minglanilla
REGION VII,CEBU,MOALBOAL,Cebu,Moalboal
REGION VII,CEBU,NAGA CITY,Cebu,Naga City
REGION VII,CEBU,OSLOB,Cebu,Oslob
REGION VII,CEBU,PILAR,Cebu,Pilar
REGION VII,CEBU,PINAMUNGAHAN,Cebu,Pinamungahan
REGION VII,CEBU,PORO,Cebu,Poro
REGION VII,CEBU,RONDA,Cebu,Ronda
REGION VII,CEBU,SAMBOAN,Cebu,Samboan
REGION VII,CEBU,SAN FERNANDO,Cebu,San Fernando
REGION VII,CEBU,SAN FRANCISCO,Cebu,San Francisco
REGION VII,CEBU,SAN REMIGIO,Cebu,San Remigio
REGION VII,CEBU,SANTA FE,Cebu,Santa Fe
REGION VII,CEBU,SANTANDER,Cebu,Santander
REGION VII,CEBU,SIBONGA,Cebu,Sibonga
REGION VII,CEBU,SOGOD,Cebu,Sogod
REGION VII,CEBU,TABOGON,Cebu,Tabogon
REGION VII,CEBU,TABUELAN,Cebu,Tabuelan
REGION VII,CEBU,TALISAY CITY,Cebu,Talisay City
REGION VII,CEBU,TOLEDO CITY,Cebu,Toledo City
REGION VII,CEBU,TUBURAN,Cebu,Tuburan
REGION VII,CEBU,TUDELA,Cebu,Tudela
REGION VII,SIQUIJOR,ENRIQUE VILLANUEVA,Siquijor,Enrique Villanueva
REGION VII,SIQUIJOR,LARENA,Siquijor,Larena
REGION VII,SIQUIJOR,LAZI,Siquijor,Lazi
REGION VII,SIQUIJOR,MARIA,Siquijor,Maria
REGION VII,SIQUIJOR,SAN JUAN,Siquijor,San Juan
REGION VII,SIQUIJOR,SIQUIJOR,Siquijor,Siquijor
REGION VIII,BILIRAN,ALMERIA,Biliran,Almeria
REGION VIII,BILIRAN,BILIRAN,Biliran,Biliran
REGION VIII,BILIRAN,CABUCGAYAN,Biliran,Cabucgayan
REGION VIII,BILIRAN,CAIBIRAN,Biliran,Caibiran
REGION VIII,BILIRAN,CULABA,Biliran,Culaba
REGION VIII,BILIRAN,KAWAYAN,Biliran,Kawayan
REGION VIII,BILIRAN,MARIPIPI,Biliran,Maripipi
REGION VIII,BILIRAN,NAVAL,Biliran,Naval
REGION VIII,EASTERN SAMAR,ARTECHE,Eastern Samar,Arteche
REGION VIII,EASTERN SAMAR,BALANGIGA,Eastern Samar,Balangiga
REGION VIII,EASTERN SAMAR,BALANGKAYAN,Eastern Samar,Balangkayan
REGION VIII,EASTERN SAMAR,BORONGAN CITY,Eastern Samar,Borongan City
REGION VIII,EASTERN SAMAR,CAN-AVID,Eastern Samar,Can-Avid
REGION VIII,EASTERN SAMAR,DOLORES,Eastern Samar,Dolores
REGION VIII,EASTERN SAMAR,GENERAL MACARTHUR,Eastern Samar,General Macarthur
REGION VIII,EASTERN SAMAR,GIPORLOS,Eastern Samar,Giporlos
REGION VIII,EASTERN SAMAR,GUIUAN,Eastern Samar,Guiuan
REGION VIII,EASTERN SAMAR,HERNANI,Eastern Samar,Hernani
REGION VIII,EASTERN SAMAR,JIPAPAD,Eastern Samar,Jipapad
REGION VIII,EASTERN SAMAR,LAWAAN,Eastern Samar,Lawaan
REGION VIII,EASTERN SAMAR,LLORENTE,Eastern Samar,Llorente
REGION VIII,EASTERN SAMAR,MASLOG,Eastern Samar,Maslog
REGION VIII,EASTERN SAMAR,MAYDOLONG,Eastern Samar,Maydolong
REGION VIII,EASTERN SAMAR,MERCEDES,Eastern Samar,Mercedes
REGION VIII,EASTERN SAMAR,ORAS,Eastern Samar,Oras
REGION VIII,EASTERN SAMAR,QUINAPONDAN,Eastern Samar,Quinapondan
REGION VIII,EASTERN SAMAR,SALCEDO,Eastern Samar,Salcedo
REGION VIII,EASTERN SAMAR,SAN JULIAN,Eastern Samar,San Julian
REGION VIII,EASTERN SAMAR,SAN POLICARPO,Eastern Samar,San Policarpo
REGION VIII,EASTERN SAMAR,SULAT,Eastern Samar,Sulat
REGION VIII,EASTERN SAMAR,TAFT,Eastern Samar,Taft
REGION VIII,LEYTE,ABUYOG,Leyte,Abuyog
REGION VIII,LEYTE,ALANGALANG,Leyte,Alangalang
REGION VIII,LEYTE,ALBUERA,Leyte,Albuera
REGION VIII,LEYTE,BABATNGON,Leyte,Babatngon
REGION VIII,LEYTE,BARUGO,Leyte,Barugo
REGION VIII,LEYTE,BATO,Leyte,Bato
REGION VIII,LEYTE,BAYBAY CITY,Leyte,Baybay City
REGION VIII,LEYTE,BURAUEN,Leyte,Burauen
REGION VIII,LEYTE,CALUBIAN,Leyte,Calubian
REGION VIII,LEYTE,CAPOOCAN,Leyte,Capoocan
REGION VIII,LEYTE,CARIGARA,Leyte,Carigara
REGION VIII,LEYTE,DAGAMI,Leyte,Dagami
REGION VIII,LEYTE,DULAG,Leyte,Dulag
REGION VIII,LEYTE,HILONGOS,Leyte,Hilongos
REGION VIII,LEYTE,HINDANG,Leyte,Hindang
REGION VIII,LEYTE,INOPACAN,Leyte,Inopacan
REGION VIII,LEYTE,ISABEL,Leyte,Isabel
REGION VIII,LEYTE,JARO,Leyte,Jaro
REGION VIII,LEYTE,JAVIER (BUGHO),Leyte,Javier
REGION VIII,LEYTE,JULITA,Leyte,Julita
REGION VIII,LEYTE,KANANGA,Leyte,Kananga
REGION VIII,LEYTE,LA PAZ,Leyte,La Paz
REGION VIII,LEYTE,LEYTE,Leyte,Leyte
REGION VIII,LEYTE,MACARTHUR,Leyte,Macarthur
REGION VIII,LEYTE,MAHAPLAG,Leyte,Mahaplag
REGION VIII,LEYTE,MATAG-OB,Leyte,Matag-Ob
REGION VIII,LEYTE,MATALOM,Leyte,Matalom
REGION VIII,LEYTE,MAYORGA,Leyte,Mayorga
REGION VIII,LEYTE,MERIDA,Leyte,Merida
REGION VIII,LEYTE,ORMOC CITY,Leyte,Ormoc City
REGION VIII,LEYTE,PALO,Leyte,Palo
REGION VIII,LEYTE,PALOMPON,Leyte,Palompon
REGION VIII,LEYTE,PASTRANA,Leyte,Pastrana
REGION VIII,LEYTE,SAN ISIDRO,Leyte,San Isidro
REGION VIII,LEYTE,SAN MIGUEL,Leyte,San Miguel
REGION VIII,LEYTE,SANTA FE,Leyte,Santa Fe
REGION VIII,LEYTE,TABANGO,Leyte,Tabango
REGION VIII,LEYTE,TABONTABON,Leyte,Tabontabon
REGION VIII,LEYTE,TACLOBAN CITY,Leyte,Tacloban City
REGION VIII,LEYTE,TANAUAN,Leyte,Tanauan
REGION VIII,LEYTE,TOLOSA,Leyte,Tolosa
REGION VIII,LEYTE,TUNGA,Leyte,Tunga
REGION VIII,LEYTE,VILLABA,Leyte,Villaba
REGION VIII,NORTHERN SAMAR,ALLEN,Northern Samar,Allen
REGION VIII,NORTHERN SAMAR,BIRI,Northern Samar,Biri
REGION VIII,NORTHERN SAMAR,BOBON,Northern Samar,Bobon
REGION VIII,NORTHERN SAMAR,CAPUL,Northern Samar,Capul
REGION VIII,NORTHERN SAMAR,CATARMAN,Northern Samar,Catarman
REGION VIII,NORTHERN SAMAR,CATUBIG,Northern Samar,Catubig
REGION VIII,NORTHERN SAMAR,GAMAY,Northern Samar,Gamay
REGION VIII,NORTHERN SAMAR,LAOANG,Northern Samar,Laoang
REGION VIII,NORTHERN SAMAR,LAPINIG,Northern Samar,Lapinig
REGION VIII,NORTHERN SAMAR,LAS NAVAS,Northern Samar,Las Navas
REGION VIII,NORTHERN SAMAR,LAVEZARES,Northern Samar,Lavezares
REGION VIII,NORTHERN SAMAR,LOPE DE VEGA,Northern Samar,Lope de Vega
REGION VIII,NORTHERN SAMAR,MAPANAS,Northern Samar,Mapanas
REGION VIII,NORTHERN SAMAR,MONDRAGON,Northern Samar,Mondragon
REGION VIII,NORTHERN SAMAR,PALAPAG,Northern Samar,Palapag
REGION VIII,NORTHERN SAMAR,PAMBUJAN,Northern Samar,Pambujan
REGION VIII,NORTHERN SAMAR,ROSARIO,Northern Samar,Rosario
REGION VIII,NORTHERN SAMAR,SAN ANTONIO,Northern Samar,San Antonio
REGION VIII,NORTHERN SAMAR,SAN ISIDRO,Northern Samar,San Isidro
REGION VIII,NORTHERN SAMAR,SAN JOSE,Northern Samar,San Jose
REGION VIII,NORTHERN SAMAR,SAN ROQUE,Northern Samar,San Roque
REGION VIII,NORTHERN SAMAR,SAN VICENTE,Northern Samar,San Vicente
REGION VIII,NORTHERN SAMAR,SILVINO LOBOS,Northern Samar,Silvino Lobos
REGION VIII,NORTHERN SAMAR,VICTORIA,Northern Samar,Victoria
REGION VIII,SAMAR (WESTERN SAMAR),ALMAGRO,Samar,Almagro
REGION VIII,SAMAR (WESTERN SAMAR),BASEY,Samar,Basey
REGION VIII,SAMAR (WESTERN SAMAR),CALBAYOG CITY,Samar,Calbayog City
REGION VIII,SAMAR (WESTERN SAMAR),CALBIGA,Samar,Calbiga
REGION VIII,SAMAR (WESTERN SAMAR),CATBALOGAN CITY,Samar,Catbalogan City
REGION VIII,SAMAR (WESTERN SAMAR),DARAM,Samar,Daram
REGION VIII,SAMAR (WESTERN SAMAR),GANDARA,Samar,Gandara
REGION VIII,SAMAR (WESTERN SAMAR),HINABANGAN,Samar,Hinabangan
REGION VIII,SAMAR (WESTERN SAMAR),JIABONG,Samar,Jiabong
REGION VIII,SAMAR (WESTERN SAMAR),MARABUT,Samar,Marabut
REGION VIII,SAMAR (WESTERN SAMAR),MATUGUINAO,Samar,Matuguinao
REGION VIII,SAMAR (WESTERN SAMAR),MOTIONG,Samar,Motiong
REGION VIII,SAMAR (WESTERN SAMAR),PAGSANGHAN,Samar,Pagsanghan
REGION VIII,SAMAR (WESTERN SAMAR),PARANAS (WRIGHT),Samar,Paranas
REGION VIII,SAMAR (WESTERN SAMAR),PINABACDAO,Samar,Pinabacdao
REGION VIII,SAMAR (WESTERN SAMAR),SAN JORGE,Samar,San Jorge
REGION VIII,SAMAR (WESTERN SAMAR),SAN JOSE DE BUAN,Samar,San Jose de Buan
REGION VIII,SAMAR (WESTERN SAMAR),SAN SEBASTIAN,Samar,San Sebastian
REGION VIII,SAMAR (WESTERN SAMAR),SANTA MARGARITA,Samar,Santa Margarita
REGION VIII,SAMAR (WESTERN SAMAR),SANTA RITA,Samar,Santa Rita
REGION VIII,SAMAR (WESTERN SAMAR),SANTO NIÑO,Samar,Santo Nino
REGION VIII,SAMAR (WESTERN SAMAR),TAGAPUL-AN,Samar,Tagapul-An
REGION VIII,SAMAR (WESTERN SAMAR),TALALORA,Samar,Talalora
REGION VIII,SAMAR (WESTERN SAMAR),TARANGNAN,Samar,Tarangnan
REGION VIII,SAMAR (WESTERN SAMAR),VILLAREAL,Samar,Villareal
REGION VIII,SAMAR (WESTERN SAMAR),ZUMARRAGA,Samar,Zumarraga
REGION VIII,SOUTHERN LEYTE,ANAHAWAN,Southern Leyte,Anahawan
REGION VIII,SOUTHERN LEYTE,BONTOC,Southern Leyte,Bontoc
REGION VIII,SOUTHERN LEYTE,HINUNANGAN,Southern Leyte,Hinunangan
REGION VIII,SOUTHERN LEYTE,HINUNDAYAN,Southern Leyte,Hinundayan
REGION VIII,SOUTHERN LEYTE,LIBAGON,Southern Leyte,Libagon
REGION VIII,SOUTHERN LEYTE,LILOAN,Southern Leyte,Liloan
REGION VIII,SOUTHERN LEYTE,LIMASAWA,Southern Leyte,Limasawa
REGION VIII,SOUTHERN LEYTE,MAASIN CITY,Southern Leyte,Maasin City
REGION VIII,SOUTHERN LEYTE,MACROHON,Southern Leyte,Macrohon
REGION VIII,SOUTHERN LEYTE,MALITBOG,Southern Leyte,Malitbog
REGION VIII,SOUTHERN LEYTE,PADRE BURGOS,Southern Leyte,Padre Burgos
REGION VIII,SOUTHERN LEYTE,PINTUYAN,Southern Leyte,Pintuyan
REGION VIII,SOUTHERN LEYTE,SAINT BERNARD,Southern Leyte,Saint Bernard
REGION VIII,SOUTHERN LEYTE,SAN FRANCISCO,Southern Leyte,San Francisco
REGION VIII,SOUTHERN LEYTE,SAN JUAN (CABALIAN),Southern Leyte,San Juan
REGION VIII,SOUTHERN LEYTE,SAN RICARDO,Southern Leyte,San Ricardo
REGION VIII,SOUTHERN LEYTE,SILAGO,Southern Leyte,Silago
REGION VIII,SOUTHERN LEYTE,SOGOD,Southern Leyte,Sogod
REGION VIII,SOUTHERN LEYTE,TOMAS OPPUS,Southern Leyte,Tomas Oppus
REGION X,BUKIDNON,BAUNGON,Bukidnon,Baungon
REGION X,BUKIDNON,CABANGLASAN,Bukidnon,Cabanglasan
REGION X,BUKIDNON,CITY OF MALAYBALAY,Bukidnon,Malaybalay City
REGION X,BUKIDNON,DAMULOG,Bukidnon,Damulog
REGION X,BUKIDNON,DANGCAGAN,Bukidnon,Dangcagan
REGION X,BUKIDNON,DON CARLOS,Bukidnon,Don Carlos
REGION X,BUKIDNON,IMPASUG-ONG,Bukidnon,Impasug-Ong
REGION X,BUKIDNON,KADINGILAN,Bukidnon,Kadingilan
REGION X,BUKIDNON,KALILANGAN,Bukidnon,Kalilangan
REGION X,BUKIDNON,KIBAWE,Bukidnon,Kibawe
REGION X,BUKIDNON,KITAOTAO,Bukidnon,Kitaotao
REGION X,BUKIDNON,LANTAPAN,Bukidnon,Lantapan
REGION X,BUKIDNON,LIBONA,Bukidnon,Libona
REGION X,BUKIDNON,MALITBOG,Bukidnon,Malitbog
REGION X,BUKIDNON,MANOLO FORTICH,Bukidnon,Manolo Fortich
REGION X,BUKIDNON,MARAMAG,Bukidnon,Maramag
REGION X,BUKIDNON,PANGANTUCAN,Bukidnon,Pangantucan
REGION X,BUKIDNON,QUEZON,Bukidnon,Quezon
REGION X,BUKIDNON,SAN FERNANDO,Bukidnon,San Fernando
REGION X,BUKIDNON,SUMILAO,Bukidnon,Sumilao
REGION X,BUKIDNON,TALAKAG,Bukidnon,Talakag
REGION X,BUKIDNON,VALENCIA  CITY,Bukidnon,Valencia City
REGION X,CAMIGUIN,CATARMAN,Camiguin,Catarman
REGION X,CAMIGUIN,GUINSILIBAN,Camiguin,Guinsiliban
REGION X,CAMIGUIN,MAHINOG,Camiguin,Mahinog
REGION X,CAMIGUIN,MAMBAJAO,Camiguin,Mambajao
REGION X,CAMIGUIN,SAGAY,Camiguin,Sagay
REGION X,LANAO DEL NORTE,BACOLOD,Lanao del Norte,Bacolod
REGION X,LANAO DEL NORTE,BALOI,Lanao del Norte,Baloi
REGION X,LANAO DEL NORTE,BAROY,Lanao del Norte,Baroy
REGION X,LANAO DEL NORTE,ILIGAN CITY,Lanao del Norte,Iligan City
REGION X,LANAO DEL NORTE,KAPATAGAN,Lanao del Norte,Kapatagan
REGION X,LANAO DEL NORTE,KAUSWAGAN,Lanao del Norte,Kauswagan
REGION X,LANAO DEL NORTE,KOLAMBUGAN,Lanao del Norte,Kolambugan
REGION X,LANAO DEL NORTE,LALA,Lanao del Norte,Lala
REGION X,LANAO DEL NORTE,LINAMON,Lanao del Norte,Linamon
REGION X,LANAO DEL NORTE,MAGSAYSAY,Lanao del Norte,Magsaysay
REGION X,LANAO DEL NORTE,MAIGO,Lanao del Norte,Maigo
REGION X,LANAO DEL NORTE,MATUNGAO,Lanao del Norte,Matungao
REGION X,LANAO DEL NORTE,MUNAI,Lanao del Norte,Munai
REGION X,LANAO DEL NORTE,NUNUNGAN,Lanao del Norte,Nunungan
REGION X,LANAO DEL NORTE,PANTAO RAGAT,Lanao del Norte,Pantao Ragat
REGION X,LANAO DEL NORTE,PANTAR,Lanao del Norte,Pantar
REGION X,LANAO DEL NORTE,POONA PIAGAPO,Lanao del Norte,Poona Piagapo
REGION X,LANAO DEL NORTE,SALVADOR,Lanao del Norte,Salvador
REGION X,LANAO DEL NORTE,SAPAD,Lanao del Norte,Sapad
REGION X,LANAO DEL NORTE,SULTAN NAGA DIMAPORO  (KAROMATAN),Lanao del Norte,Sultan Naga Dimaporo
REGION X,LANAO DEL NORTE,TAGOLOAN,Lanao del Norte,Tagoloan
REGION X,LANAO DEL NORTE,TANGCAL,Lanao del Norte,Tangcal
REGION X,LANAO DEL NORTE,TUBOD,Lanao del Norte,Tubod
REGION X,MISAMIS OCCIDENTAL,ALORAN,Misamis Occidental,Aloran
REGION X,MISAMIS OCCIDENTAL,BALIANGAO,Misamis Occidental,Baliangao
REGION X,MISAMIS OCCIDENTAL,BONIFACIO,Misamis Occidental,Bonifacio
REGION X,MISAMIS OCCIDENTAL,CALAMBA,Misamis Occidental,Calamba
REGION X,MISAMIS OCCIDENTAL,CLARIN,Misamis Occidental,Clarin
REGION X,MISAMIS OCCIDENTAL,CONCEPCION,Misamis Occidental,Concepcion
REGION X,MISAMIS OCCIDENTAL,DON VICTORIANO CHIONGBIAN  (DON MARIANO MARCOS),Misamis Occidental,Don Victoriano Chiongbian
REGION X,MISAMIS OCCIDENTAL,JIMENEZ,Misamis Occidental,Jimenez
REGION X,MISAMIS OCCIDENTAL,LOPEZ JAENA,Misamis Occidental,Lopez Jaena
REGION X,MISAMIS OCCIDENTAL,OROQUIETA CITY,Misamis Occidental,Oroquieta City
REGION X,MISAMIS OCCIDENTAL,OZAMIS CITY,Misamis Occidental,Ozamis City
REGION X,MISAMIS OCCIDENTAL,PANAON,Misamis Occidental,Panaon
REGION X,MISAMIS OCCIDENTAL,PLARIDEL,Misamis Occidental,Plaridel
REGION X,MISAMIS OCCIDENTAL,SAPANG DALAGA,Misamis Occidental,Sapang Dalaga
REGION X,MISAMIS OCCIDENTAL,SINACABAN,Misamis Occidental,Sinacaban
REGION X,MISAMIS OCCIDENTAL,TANGUB CITY,Misamis Occidental,Tangub City
REGION X,MISAMIS OCCIDENTAL,TUDELA,Misamis Occidental,Tudela
REGION X,MISAMIS ORIENTAL,ALUBIJID,Misamis Oriental,Alubijid
REGION X,MISAMIS ORIENTAL,BALINGASAG,Misamis Oriental,Balingasag
REGION X,MISAMIS ORIENTAL,BALINGOAN,Misamis Oriental,Balingoan
REGION X,MISAMIS ORIENTAL,BINUANGAN,Misamis Oriental,Binuangan
REGION X,MISAMIS ORIENTAL,CAGAYAN DE ORO CITY,Misamis Oriental,Cagayan de Oro City
REGION X,MISAMIS ORIENTAL,CLAVERIA,Misamis Oriental,Claveria
REGION X,MISAMIS ORIENTAL,EL SALVADOR CITY,Misamis Oriental,El Salvador City
REGION X,MISAMIS ORIENTAL,GINGOOG CITY,Misamis Oriental,Gingoog City
REGION X,MISAMIS ORIENTAL,GITAGUM,Misamis Oriental,Gitagum
REGION X,MISAMIS ORIENTAL,INITAO,Misamis Oriental,Initao
REGION X,MISAMIS ORIENTAL,JASAAN,Misamis Oriental,Jasaan
REGION X,MISAMIS ORIENTAL,KINOGUITAN,Misamis Oriental,Kinoguitan
REGION X,MISAMIS ORIENTAL,LAGONGLONG,Misamis Oriental,Lagonglong
REGION X,MISAMIS ORIENTAL,LAGUINDINGAN,Misamis Oriental,Laguindingan
REGION X,MISAMIS ORIENTAL,LIBERTAD,Misamis Oriental,Libertad
REGION X,MISAMIS ORIENTAL,LUGAIT,Misamis Oriental,Lugait
REGION X,MISAMIS ORIENTAL,MAGSAYSAY (LINUGOS),Misamis Oriental,Magsaysay
REGION X,MISAMIS ORIENTAL,MANTICAO,Misamis Oriental,Manticao
REGION X,MISAMIS ORIENTAL,MEDINA,Misamis Oriental,Medina
REGION X,MISAMIS ORIENTAL,NAAWAN,Misamis Oriental,Naawan
REGION X,MISAMIS ORIENTAL,OPOL,Misamis Oriental,Opol
REGION X,MISAMIS ORIENTAL,SALAY,Misamis Oriental,Salay
REGION X,MISAMIS ORIENTAL,SUGBONGCOGON,Misamis Oriental,Sugbongcogon
REGION X,MISAMIS ORIENTAL,TAGOLOAN,Misamis Oriental,Tagoloan
REGION X,MISAMIS ORIENTAL,TALISAYAN,Misamis Oriental,Talisayan
REGION X,MISAMIS ORIENTAL,VILLANUEVA,Misamis Oriental,Villanueva
REGION XI,COMPOSTELA VALLEY,COMPOSTELA,Compostela Valley,Compostela
REGION XI,COMPOSTELA VALLEY,LAAK (SAN VICENTE),Compostela Valley,Laak
REGION XI,COMPOSTELA VALLEY,MABINI (DOÑA ALICIA),Compostela Valley,Mabini
REGION XI,COMPOSTELA VALLEY,MACO,Compostela Valley,Maco
REGION XI,COMPOSTELA VALLEY,MARAGUSAN (SAN MARIANO),Compostela Valley,Maragusan
REGION XI,COMPOSTELA VALLEY,MAWAB,Compostela Valley,Mawab
REGION XI,COMPOSTELA VALLEY,MONKAYO,Compostela Valley,Monkayo
REGION XI,COMPOSTELA VALLEY,MONTEVISTA,Compostela Valley,Montevista
REGION XI,COMPOSTELA VALLEY,NABUNTURAN,Compostela Valley,Nabunturan
REGION XI,COMPOSTELA VALLEY,NEW BATAAN,Compostela Valley,New Bataan
REGION XI,COMPOSTELA VALLEY,PANTUKAN,Compostela Valley,Pantukan
REGION XI,DAVAO (DAVAO DEL NORTE),ASUNCION (SAUG),Davao del Norte,Asuncion
REGION XI,DAVAO (DAVAO DEL NORTE),BRAULIO E. DUJALI,Davao del Norte,Braulio E. Dujali
REGION XI,DAVAO (DAVAO DEL NORTE),CARMEN,Davao del Norte,Carmen
REGION XI,DAVAO (DAVAO DEL NORTE),CITY OF TAGUM,Davao del Norte,Tagum City
REGION XI,DAVAO (DAVAO DEL NORTE),ISLAND GARDEN CITY OF SAMAL,Davao del Norte,Samal City
REGION XI,DAVAO (DAVAO DEL NORTE),KAPALONG,Davao del Norte,Kapalong
REGION XI,DAVAO (DAVAO DEL NORTE),NEW CORELLA,Davao del Norte,New Corella
REGION XI,DAVAO (DAVAO DEL NORTE),PANABO  CITY,Davao del Norte,Panabo City
REGION XI,DAVAO (DAVAO DEL NORTE),SAN ISIDRO,Davao del Norte,San Isidro
REGION XI,DAVAO (DAVAO DEL NORTE),SANTO TOMAS,Davao del Norte,Santo Tomas
REGION XI,DAVAO (DAVAO DEL NORTE),TALAINGOD,Davao del Norte,Talaingod
REGION XI,DAVAO DEL SUR,BANSALAN,Davao del Sur,Bansalan
REGION XI,DAVAO DEL SUR,DAVAO CITY,Davao del Sur,Davao City
REGION XI,DAVAO DEL SUR,DIGOS CITY,Davao del Sur,Digos City
REGION XI,DAVAO DEL SUR,HAGONOY,Davao del Sur,Hagonoy
REGION XI,DAVAO DEL SUR,KIBLAWAN,Davao del Sur,Kiblawan
REGION XI,DAVAO DEL SUR,MAGSAYSAY,Davao del Sur,Magsaysay
REGION XI,DAVAO DEL SUR,MALALAG,Davao del Sur,Malalag
REGION XI,DAVAO DEL SUR,MATANAO,Davao del Sur,Matanao
REGION XI,DAVAO DEL SUR,PADADA,Davao del Sur,Padada
REGION XI,DAVAO DEL SUR,SANTA CRUZ,Davao del Sur,Santa Cruz
REGION XI,DAVAO DEL SUR,SULOP,Davao del Sur,Sulop
REGION XI,DAVAO OCCIDENTAL,DON MARCELINO,Davao del Sur,Don Marcelino
REGION XI,DAVAO OCCIDENTAL,JOSE ABAD SANTOS (TRINIDAD),Davao del Sur,Jose Abad Santos
REGION XI,DAVAO OCCIDENTAL,MALITA,Davao del Sur,Malita
REGION XI,DAVAO OCCIDENTAL,SANTA MARIA,Davao del Sur,Santa Maria
REGION XI,DAVAO OCCIDENTAL,SARANGANI,Davao del Sur,Sarangani
REGION XI,DAVAO ORIENTAL,BAGANGA,Davao Oriental,Baganga
REGION XI,DAVAO ORIENTAL,BANAYBANAY,Davao Oriental,Banaybanay
REGION XI,DAVAO ORIENTAL,BOSTON,Davao Oriental,Boston
REGION XI,DAVAO ORIENTAL,CARAGA,Davao Oriental,Caraga
REGION XI,DAVAO ORIENTAL,CATEEL,Davao Oriental,Cateel
REGION XI,DAVAO ORIENTAL,GOVERNOR GENEROSO,Davao Oriental,Governor Generoso
REGION XI,DAVAO ORIENTAL,LUPON,Davao Oriental,Lupon
REGION XI,DAVAO ORIENTAL,MANAY,Davao Oriental,Manay
REGION XI,DAVAO ORIENTAL,MATI  CITY,Davao Oriental,Mati City
REGION XI,DAVAO ORIENTAL,SAN ISIDRO,Davao Oriental,San Isidro
REGION XI,DAVAO ORIENTAL,TARRAGONA,Davao Oriental,Tarragona
REGION XII,COTABATO (NORTH COT.),ALAMADA,North Cotabato,Alamada
REGION XII,COTABATO (NORTH COT.),ALEOSAN,North Cotabato,Aleosan
REGION XII,COTABATO (NORTH COT.),ANTIPAS,North Cotabato,Antipas
REGION XII,COTABATO (NORTH COT.),ARAKAN,North Cotabato,Arakan
REGION XII,COTABATO (NORTH COT.),BANISILAN,North Cotabato,Banisilan
REGION XII,COTABATO (NORTH COT.),CARMEN,North Cotabato,Carmen
REGION XII,COTABATO (NORTH COT.),CITY OF KIDAPAWAN,North Cotabato,Kidapawan City
REGION XII,COTABATO (NORTH COT.),KABACAN,North Cotabato,Kabacan
REGION XII,COTABATO (NORTH COT.),LIBUNGAN,North Cotabato,Libungan
REGION XII,COTABATO (NORTH COT.),M'LANG,North Cotabato,M'Lang
REGION XII,COTABATO (NORTH COT.),MAGPET,North Cotabato,Magpet
REGION XII,COTABATO (NORTH COT.),MAKILALA,North Cotabato,Makilala
REGION XII,COTABATO (NORTH COT.),MATALAM,North Cotabato,Matalam
REGION XII,COTABATO (NORTH COT.),MIDSAYAP,North Cotabato,Midsayap
REGION XII,COTABATO (NORTH COT.),PIGKAWAYAN,North Cotabato,Pigkawayan
REGION XII,COTABATO (NORTH COT.),PIKIT,North Cotabato,Pikit
REGION XII,COTABATO (NORTH COT.),PRESIDENT ROXAS,North Cotabato,President Roxas
REGION XII,COTABATO (NORTH COT.),TULUNAN,North Cotabato,Tulunan
REGION XII,SARANGANI,ALABEL,Sarangani,Alabel
REGION XII,SARANGANI,GLAN,Sarangani,Glan
REGION XII,SARANGANI,KIAMBA,Sarangani,Kiamba
REGION XII,SARANGANI,MAASIM,Sarangani,Maasim
REGION XII,SARANGANI,MAITUM,Sarangani,Maitum
REGION XII,SARANGANI,MALAPATAN,Sarangani,Malapatan
REGION XII,SARANGANI,MALUNGON,Sarangani,Malungon
REGION XII,SOUTH COTABATO,BANGA,South Cotabato,Banga
REGION XII,SOUTH COTABATO,GENERAL SANTOS CITY  (DADIANGAS),South Cotabato,General Santos City
REGION XII,SOUTH COTABATO,KORONADAL CITY,South Cotabato,Koronadal City
REGION XII,SOUTH COTABATO,LAKE SEBU,South Cotabato,Lake Sebu
REGION XII,SOUTH COTABATO,NORALA,South Cotabato,Norala
REGION XII,SOUTH COTABATO,POLOMOLOK,South Cotabato,Polomolok
REGION XII,SOUTH COTABATO,SANTO NIÑO,South Cotabato,Santo Nino
REGION XII,SOUTH COTABATO,SURALLAH,South Cotabato,Surallah
REGION XII,SOUTH COTABATO,TAMPAKAN,South Cotabato,Tampakan
REGION XII,SOUTH COTABATO,TANTANGAN,South Cotabato,Tantangan
REGION XII,SOUTH COTABATO,TUPI,South Cotabato,Tupi
REGION XII,SOUTH COTABATO,T`BOLI,South Cotabato,T'Boli
REGION XII,SULTAN KUDARAT,BAGUMBAYAN,Sultan Kudarat,Bagumbayan
REGION XII,SULTAN KUDARAT,COLUMBIO,Sultan Kudarat,Columbio
REGION XII,SULTAN KUDARAT,ESPERANZA,Sultan Kudarat,Esperanza
REGION XII,SULTAN KUDARAT,ISULAN,Sultan Kudarat,Isulan
REGION XII,SULTAN KUDARAT,KALAMANSIG,Sultan Kudarat,Kalamansig
REGION XII,SULTAN KUDARAT,LAMBAYONG (MARIANO MARCOS),Sultan Kudarat,Lambayong
REGION XII,SULTAN KUDARAT,LEBAK,Sultan Kudarat,Lebak
REGION XII,SULTAN KUDARAT,LUTAYAN,Sultan Kudarat,Lutayan
REGION XII,SULTAN KUDARAT,PALIMBANG,Sultan Kudarat,Palimbang
REGION XII,SULTAN KUDARAT,PRESIDENT QUIRINO,Sultan Kudarat,President Quirino
REGION XII,SULTAN KUDARAT,SEN. NINOY AQUINO,Sultan Kudarat,Sen. Ninoy Aquino
REGION XII,SULTAN KUDARAT,TACURONG CITY,Sultan Kudarat,Tacurong City
REGION XIII,AGUSAN DEL NORTE,BUENAVISTA,Agusan del Norte,Buenavista
REGION XIII,AGUSAN DEL NORTE,BUTUAN CITY,Agusan del Norte,Butuan City
REGION XIII,AGUSAN DEL NORTE,CABADBARAN CITY,Agusan del Norte,Cabadbaran City
REGION XIII,AGUSAN DEL NORTE,CARMEN,Agusan del Norte,Carmen
REGION XIII,AGUSAN DEL NORTE,JABONGA,Agusan del Norte,Jabonga
REGION XIII,AGUSAN DEL NORTE,KITCHARAO,Agusan del Norte,Kitcharao
REGION XIII,AGUSAN DEL NORTE,LAS NIEVES,Agusan del Norte,Las Nieves
REGION XIII,AGUSAN DEL NORTE,MAGALLANES,Agusan del Norte,Magallanes
REGION XIII,AGUSAN DEL NORTE,NASIPIT,Agusan del Norte,Nasipit
REGION XIII,AGUSAN DEL NORTE,REMEDIOS T. ROMUALDEZ,Agusan del Norte,Remedios T. Romualdez
REGION XIII,AGUSAN DEL NORTE,SANTIAGO,Agusan del Norte,Santiago
REGION XIII,AGUSAN DEL NORTE,TUBAY,Agusan del Norte,Tubay
REGION XIII,AGUSAN DEL SUR,BAYUGAN  CITY,Agusan del Sur,Bayugan City
REGION XIII,AGUSAN DEL SUR,BUNAWAN,Agusan del Sur,Bunawan
REGION XIII,AGUSAN DEL SUR,ESPERANZA,Agusan del Sur,Esperanza
REGION XIII,AGUSAN DEL SUR,LA PAZ,Agusan del Sur,La Paz
REGION XIII,AGUSAN DEL SUR,LORETO,Agusan del Sur,Loreto
REGION XIII,AGUSAN DEL SUR,PROSPERIDAD,Agusan del Sur,Prosperidad
REGION XIII,AGUSAN DEL SUR,ROSARIO,Agusan del Sur,Rosario
REGION XIII,AGUSAN DEL SUR,SAN FRANCISCO,Agusan del Sur,San Francisco
REGION XIII,AGUSAN DEL SUR,SAN LUIS,Agusan del Sur,San Luis
REGION XIII,AGUSAN DEL SUR,SANTA JOSEFA,Agusan del Sur,Santa Josefa
REGION XIII,AGUSAN DEL SUR,SIBAGAT,Agusan del Sur,Sibagat
REGION XIII,AGUSAN DEL SUR,TALACOGON,Agusan del Sur,Talacogon
REGION XIII,AGUSAN DEL SUR,TRENTO,Agusan del Sur,Trento
REGION XIII,AGUSAN DEL SUR,VERUELA,Agusan del Sur,Veruela
REGION XIII,DINAGAT ISLANDS,BASILISA (RIZAL),Dinagat Islands,Basilisa
REGION XIII,DINAGAT ISLANDS,CAGDIANAO,Dinagat Islands,Cagdianao
REGION XIII,DINAGAT ISLANDS,DINAGAT,Dinagat Islands,Dinagat
REGION XIII,DINAGAT ISLANDS,LIBJO (ALBOR),Dinagat Islands,Libjo
REGION XIII,DINAGAT ISLANDS,LORETO,Dinagat Islands,Loreto
REGION XIII,DINAGAT ISLANDS,SAN JOSE,Dinagat Islands,San Jose
REGION XIII,DINAGAT ISLANDS,TUBAJON,Dinagat Islands,Tubajon
REGION XIII,SURIGAO DEL NORTE,ALEGRIA,Surigao del Norte,Alegria
REGION XIII,SURIGAO DEL NORTE,BACUAG,Surigao del Norte,Bacuag
REGION XIII,SURIGAO DEL NORTE,BURGOS,Surigao del Norte,Burgos
REGION XIII,SURIGAO DEL NORTE,CLAVER,Surigao del Norte,Claver
REGION XIII,SURIGAO DEL NORTE,DAPA,Surigao del Norte,Dapa
REGION XIII,SURIGAO DEL NORTE,DEL CARMEN,Surigao del Norte,Del Carmen
REGION XIII,SURIGAO DEL NORTE,GENERAL LUNA,Surigao del Norte,General Luna
REGION XIII,SURIGAO DEL NORTE,GIGAQUIT,Surigao del Norte,Gigaquit
REGION XIII,SURIGAO DEL NORTE,MAINIT,Surigao del Norte,Mainit
REGION XIII,SURIGAO DEL NORTE,MALIMONO,Surigao del Norte,Malimono
REGION XIII,SURIGAO DEL NORTE,PILAR,Surigao del Norte,Pilar
REGION XIII,SURIGAO DEL NORTE,PLACER,Surigao del Norte,Placer
REGION XIII,SURIGAO DEL NORTE,SAN BENITO,Surigao del Norte,San Benito
REGION XIII,SURIGAO DEL NORTE,SAN FRANCISCO (ANAO-AON),Surigao del Norte,San Francisco
REGION XIII,SURIGAO DEL NORTE,SAN ISIDRO,Surigao del Norte,San Isidro
REGION XIII,SURIGAO DEL NORTE,SANTA MONICA (SAPAO),Surigao del Norte,Santa Monica
REGION XIII,SURIGAO DEL NORTE,SISON,Surigao del Norte,Sison
REGION XIII,SURIGAO DEL NORTE,SOCORRO,Surigao del Norte,Socorro
REGION XIII,SURIGAO DEL NORTE,SURIGAO CITY,Surigao del Norte,Surigao City
REGION XIII,SURIGAO DEL NORTE,TAGANA-AN,Surigao del Norte,Tagana-An
REGION XIII,SURIGAO DEL NORTE,TUBOD,Surigao del Norte,Tubod
REGION XIII,SURIGAO DEL SUR,BAROBO,Surigao del Sur,Barobo
REGION XIII,SURIGAO DEL SUR,BAYABAS,Surigao del Sur,Bayabas
REGION XIII,SURIGAO DEL SUR,BISLIG CITY,Surigao del Sur,Bislig City
REGION XIII,SURIGAO DEL SUR,CAGWAIT,Surigao del Sur,Cagwait
REGION XIII,SURIGAO DEL SUR,CANTILAN,Surigao del Sur,Cantilan
REGION XIII,SURIGAO DEL SUR,CARMEN,Surigao del Sur,Carmen
REGION XIII,SURIGAO DEL SUR,CARRASCAL,Surigao del Sur,Carrascal
REGION XIII,SURIGAO DEL SUR,CORTES,Surigao del Sur,Cortes
REGION XIII,SURIGAO DEL SUR,HINATUAN,Surigao del Sur,Hinatuan
REGION XIII,SURIGAO DEL SUR,LANUZA,Surigao del Sur,Lanuza
REGION XIII,SURIGAO DEL SUR,LIANGA,Surigao del Sur,Lianga
REGION XIII,SURIGAO DEL SUR,LINGIG,Surigao del Sur,Lingig
REGION XIII,SURIGAO DEL SUR,MADRID,Surigao del Sur,Madrid
REGION XIII,SURIGAO DEL SUR,MARIHATAG,Surigao del Sur,Marihatag
REGION XIII,SURIGAO DEL SUR,SAN AGUSTIN,Surigao del Sur,San Agustin
REGION XIII,SURIGAO DEL SUR,SAN MIGUEL,Surigao del Sur,San Miguel
REGION XIII,SURIGAO DEL SUR,TAGBINA,Surigao del Sur,Tagbina
REGION XIII,SURIGAO DEL SUR,TAGO,Surigao del Sur,Tago
REGION XIII,SURIGAO DEL SUR,TANDAG CITY,Surigao del Sur,Tandag City
